name,skill_passive,skill_1,skill_1_cooling,skill_1_cost,skill_2,skill_2_cooling,skill_2_cost,R,R_cooling,R_cost,weapon_1,weapon_2,weapon_3,weapon_4,weapon_5,weapon_6,搭配英雄1,搭配英雄2,克制英雄1,克制英雄2,被克制英雄1,被克制英雄2,attack_range,MP,MP_recover,magic_defense,attack,defense,HP,HP_recover,speed,tag
铠,被动：铠拥有精湛的战斗技巧，如果铠的挥砍（普攻与2技能）只命中了一个单位，则这个单位将受到50%额外伤害。,铠向前投掷刀刃，在敌人中最多弹射4次，对目标造成150/180/210/240/270/300（+60%物理加成）点物理伤害与减速效果；命中的第一个目标将会受到额外减速效果；如果该技能命中至少一个单位，则会增加移动速度，回复105/126/147/168/189/210（+42%物理加成）点生命值与30%的冷却时间,10,60,铠向前方连续挥砍，造成80/96/112/128/144/160（+30%物理加成）点物理伤害，第二刀会造成额外的击飞效果，同时使得下一次普通攻击获得额外80（+30%物理加成）点成物理伤害和冲锋效果。被动：脱离战斗后铠的生命、能量恢复每秒回复1%、移动速度提升10/12/14/16/18/20点,6,50,在1秒的延迟后铠召唤魔铠，造成范围300/400/500点法术伤害，并强化自身100/150/200点攻击力、50点移动速度、40/60/80点伤害格挡，同时对周围敌人造成60点法术伤害并持续8秒,50/45/40,120,暗影战斧,影忍之足,宗师之力,破军,反伤刺甲,暴烈之甲,宫本武藏,花木兰,鲁班七号,后羿,芈月,诸葛亮,近程,440,16,50,176,107,3375,44,390, 战士  坦克 
鬼谷子,被动：鬼谷子脱离敌方视野3秒后，玄微子会再次归巢到法杖中，使得鬼谷子的下一次普攻强化至300（+45%法术加成）点法术伤害（可触发装备技能效果），造成区域减速效果。若发出强化普攻瞬间鬼谷子处于敌方视野外，该技能冷却时间延长至10秒,鬼谷子命令玄微子包裹自身，使自己与周围环境融为一体并提升移动速度，伪装效果会在鬼谷子用本技能以外伤害敌人时移除。加速期间，鬼谷子对触碰的每个敌人可造成450/540/630/720/810/900（+60%法术加成）点法术伤害(最多1次)，并降低该敌人的护甲和魔抗，持续4秒,10,70,鬼谷子持续引导大量玄微子在自身周围聚集，对周围区域敌人持续造成100/120/140/160/180/200（+15%法术加成）点法术伤害。玄微子在2秒后集结完毕，再次对区域内敌人造成400（+60%法术加成）点法术伤害，同时将敌人拉扯到鬼谷子身旁并晕眩1.5秒，若该伤害命中敌方英雄，鬼谷子和该区域内队友将获得500/600/700/800/900/1000（+100%法术加成）点护盾,10/9.6/9.2/8.8/8.4/8,80,鬼谷子命令玄微子包裹自身和1500距离内的队友，使自己和队友提高移速并在1秒延迟后进入伪装状态，同时探查到距离鬼谷子最近的一名敌方英雄视野。这些效果在开启技能后最多持续4秒，伪装者若使用普攻、技能或敌方造成负面效果会立即解除伪装状态,35/30/25,120,影忍之足,痛苦面具,冰霜法杖,冰痕之握,不死鸟之眼,虚无法杖,兰陵王,李白,鲁班七号,王昭君,马可波罗,李元芳,远程,450,16,50,162,92,3322,47,350, 隐身  辅助 
干将莫邪,被动：飞剑攻击会残留持续5秒的雌雄两种剑气，剑气伤害会被其他飞剑触发，贴身范围未成型的剑胚无法残留剑气。剑气造成350（+30%法术加成）点法术伤害。普攻可以使用未成型的飞剑造成300（+25%法术加成）点法术伤害。,干将将剑冢用力向前推刺出并造成300/350/400/450/500/550（+50%法术加成）点法术伤害，范围内敌人被朝同一方向击飞击退。被动：每次击败英雄或助攻会增加自身永远法术强度15点，最高300点。,12/11/10/9/8/7,80,凌空成剑，雌雄双剑以不同的曲型弹道飞行对敌方造成450/540/630/720/810/900（+40%法术加成）点法术伤害。,8,40,凌空成剑，雌雄双剑以不同的曲型弹道飞行对敌方造成450/540/630/720/810/900（+40%法术加成）点法术伤害。,1/8/00,40,近卫荣耀,冷静之靴,圣杯,极寒风暴,梦魇之牙,贤者之书,项羽,安琪拉,虞姬,鲁班七号,兰陵王,花木兰,进程,490,17,50,159,92,3189,45,380, 远程消耗  法师 
东皇太一,被动：祭典创造出来的黑暗能量体，极不稳定，被黑暗能量体触碰到都会造成100（+敌方3%最大生命值）（50%法术加成）点法术伤害，并回复东皇太一100（自身最大生命3%）（+40%法术加成）点血量，非英雄单位回复少额最大生命百分比的血量,释放力量对周围造成300/360/420/480/540/600（+40%法术加成）点法术伤害并创造出黑暗能量体在身边环绕，黑暗能量体存在的状态下再次释放祭典会增强黑暗能量体的数量，命中单位归还一半CD。黑暗能量体的数量决定了曜龙烛兆的威力，最大三颗,5,60,消耗黑暗能量体，召唤曜龙对一个范围进行冲击，释放后东皇获得短暂加速。冲击造成500/600/700/800/900/1000（+60%法术加成）点法术伤害。黑暗能量体的数量决定了冲击的次数和冲击的威力，第一次造成1秒50%的减速，第二次造成1秒90%的减速，第三次冲击造成范围击晕1秒。,6,75,东皇太一压制敌方英雄并创造一个维持2.5秒的契约链接，强大的能量溢出直接获得3颗黑暗能量体。契约期间双方受到的伤害都会对彼此造成同等伤害且自身无法进行任何操作，强大的堕神契约无法被净化,50/45/40,100,抵抗之靴,不死鸟之眼,极寒风暴,痛苦面具,冰霜法杖,贤者的庇护,关羽,嬴政,阿轲,李白,蔡文姬,牛魔,远程,470,17,50,163,99,3201,53,340, 控制  坦克 
大乔,被动：大乔提升自身与附近友军英雄40-60移动速度（每3级提升5点）,大乔召唤鲤鱼向指定方向跳跃，对于路径上的敌人造成550/700/850/1000（+56%法术加成）点法术伤害与击退效果，鲤鱼经过的区域会在一段时间4秒内持续增加区域内友军的移动速度,7,70,大乔召唤法阵，法阵消失时会将法阵内友军英雄（包括大乔）传送回出生点并获得加速效果持续3/4/5/6秒，同时回复其全部生命,10,50,大乔在指定位置召唤海潮连续喷涌，每次喷涌造成180/210/240/270（+20%法术加成）点法术伤害，海潮会在原地持续4秒，对进入区域的敌人造成沉默效果,12/11/10/9,80,圣杯,疾步之靴,奔狼纹章,冰痕之握,痛苦面具,贤者之书,赵云,花木兰,王昭君,钟馗,阿轲,韩信,远程,470,17,50,168,93,2958,42,360, 辅助  传送 
黄忠,被动：黄忠普攻命中目标将不断激怒自己，获得1.5%暴击率和1%攻击力加成的效果（重装炮塔状态下效果翻倍），持续1.5秒，最多叠加5层,黄忠短时间大量提升自身移速，持续2秒，如果是在架起状态，可瞬间取消架起状态.被动：增加黄忠40/52/64/76/88/100点物理攻击,10,50,黄忠向指定地点放置警戒地雷，同时获得视野效果，敌方英雄在地雷范围内可触发造成200/240/280/320/360/400（+60%物理加成）点物理伤害，对英雄额外造成50%减速效果与15/18/21/24/27/30%的破甲效果，持续2秒，同时自身获得护盾，可吸收200/240/280/320/360/400（+50%物理加成）点伤害。地雷最多存在2个,8/7.6/7.2/6.8/6.4/6,80,黄忠进入架起状态，持续15秒，期间普攻射程得到提升（5秒后扩大到最远距离），对敌人造成范围60/88/116（+80%物理加成）点物理伤害（伤害随时间增加，每秒增长20%，最高100%），目标距离越近伤害越低，最低衰减至70%。物理和法术护甲额外增加60/120/180点，自身不能移动，再次施法后架起状态取消,2008/6/4,80,闪电匕首,无尽战刃,泣血之刃,急速战靴,破甲弓,影刃,项羽,蔡文姬,鲁班七号,扁鹊,兰陵王,花木兰,远程,440,16,50,172,91,3173,39,340, 射手  消耗  收割 
诸葛亮,被动：诸葛亮技能命中敌人时，会为自己施加谋略刻印，当刻印达到5层时，会召唤5颗法球围绕自身，短暂时间后依次飞出攻击附近的敌人（优先英雄）造成270(+52%法术加成)点法术伤害。法球在1秒内连续命中同一目标时，伤害会衰减到20%。（法球不会攻击非战斗状态的野怪）,诸葛亮朝面前发射三颗法球，对一条路径上的敌人造成500/560/620/680/740/800（+75%法术加成）点法术伤害。如果敌人被多颗法球同时命中，额外的法球只会造成30%的伤害.每颗法球只能触发1次谋略刻印。,8/7.4/6.8/6.2/5.6/5,60,诸葛亮快速朝指定方向闪烁，并在起始位置和终点位置同时产生一次法力场，对附近的敌人造成350/420/490/560/630/700（+52%法术加成）点法术伤害（被多个法力场命中时只造成50%伤害）.如果敌人在5秒内多次受到法力场的影响，会造成90%的减速效果（短时间内衰减），持续3秒，每个法力场命中敌人时，只产生1次谋略刻印。该技能可储备至多3次，并随时间获取使用次数(受冷却缩减影响)。,2,50,诸葛亮短暂蓄力后（期间可以移动和释放时空穿梭）对指定目标发出一击强力元气弹，对其造成360/450/540（+54%法术加成）点法术伤害并附带目标已损生命值30%的额外伤害，产生1层谋略刻印。元气弹可以被其它的英雄阻挡。如果元气弹直接击败敌方英雄，立即触发被动策谋之刻，并返还该技能80%的冷却时间。飞行过程中触碰非英雄单位，将会造成法术伤害并击飞。,35/30/25,120,回响之杖,秘法之靴,噬神之书,冰霜法杖,博学者之怒,贤者之书,程咬金,赵云,阿轲,露娜,兰陵王,花木兰,远程,490,18,50,156,87,3135,44,360, 突进  法师  高爆发 
哪吒,被动：哪吒每次用枪造成的伤害和使用乾坤圈都会在敌人身上残留炙炼火种造成3秒灼烧伤害并且限制目标25%的生命回复,哪吒挥枪攻击四周的敌人造成350/390/430/470/510/550(+68%物理加成)点物理伤害。每击中一个敌方英雄都会获得风火轮提供移动10%加速效果，最大可提速50%，持续2秒。,5,55,哪吒用混天绫短暂束缚敌人，迅速俯冲向目标，并翻越至目标另一侧.施法后自动触发【火莲之印】减免所受15%/16%/17%/18%/19%/20%伤害。【火莲之印】持续3秒，该技能4秒内可再次释放,12/11.6/11.2/10.8/10.4/10,65,对敌英雄施加乾坤圈提供视野并打断其回城.可选择高速冲到敌方英雄造成600/800/1000（+100%物理加成）点物理伤害并击退，落地后触发一次【火莲之印】，并额外触发【火莲之华】获得韧性且每秒对罩内敌人反复施加炙炼火种，冲敌过程中可以再次释放技能放弃冲敌。,90/85/80,140,红莲斗篷,抵抗之靴,暗影战斧,魔女斗篷,不祥征兆,贤者的庇护,韩信,花木兰,王昭君,狄仁杰,张良,貂蝉,近程,450,16,50,159,99,3483,53,380, 战士  突进 
太乙真人,被动：周围每次有敌方非英雄单位死亡时（包括小兵和野怪），太乙真人和周围的友方英雄都会额外获得25%金币,太乙真人使用炉子炼制药剂，期间获得移速加成效果持续5秒，持续时间内可以随时停止炼制，停止炼制或达到最大炼制时间后，药剂会发生爆炸，对周围敌人最多造成750/990/1230/1470/1710/1950（+270%法术加成）点法术伤害和晕眩，炼制时间越长，伤害越高，晕眩时间越长,5,65,太乙真人的炉子伸出一只触手，把自己拉向触达的第一个单位，如果目标是敌方单位，还会额外受到450/500/550/600/650/700（+80%法术加成）点法术伤害和短暂眩晕.,10/9.2/8.4/7.6/6.8/6,65,召唤替身傀儡，保护自己和周围一个血量最低的友方英雄（可在被控制时使用），持续3秒，持续时间内自己或者被保护的英雄死亡，会在2秒后复活获得1500/2250/3000（+250%法术加成）点生命.复活时对周围的敌人造成600/750/900（+80%法术加成）点法术伤害和减速.,80/70/60,150,近卫荣耀,冷静之靴,圣杯,极寒风暴,梦魇之牙,贤者之书,孙尚香,马可波罗,露娜,韩信,孙尚香,露娜,近程,430,15,50,162,106,2862,44,410, 辅助  魔法 
杨戬,被动：附近敌方英雄数量会减低杨戬所受控制时间10%，至多30%,杨戬召唤哮天犬朝指定方向发起冲锋，对触碰的敌人造成150/180/210/240/270/300（+54%物理加成）点物理伤害。再次释放该技能，杨戬将冲向被哮天犬标记的敌人发起一次攻击，造成225（+81%物理加成）点物理伤害并附加目标已损生命值16%的物理伤害，如果杨戬直接击杀目标，将立即刷新该技能冷却时间。,8/7.6/7.2/6.8/6.4/6,60,杨戬横扫面前的区域，对敌人造成250/300/350/400/450/500（+85%物理加成）点物理伤害，并造成减速效果，如果目标生命值百分比高于杨戬，将会受到晕眩效果。命中敌人后，强化自身普通攻击附带60/96/132/168/204/240（+30%物理加成）点真实伤害，持续5秒,12/11.6/11.2/10.8/10.4/10,70,杨戬利用天眼释放激光，攻击一条路径上的敌人，造成250/315/380（+85%物理加成）点物理伤害。激光命中敌人时，杨戬会获得治疗，治疗量相当于伤害值的50%。杨戬可以在短时间内连续释放3次，第三次将会发出3道激光，同时被多道激光命中时只会造成30%的伤害,30/25/20,100,红莲斗篷,抵抗之靴,宗师之力,不死鸟之眼,破军,暴烈之甲,韩信,项羽,后羿,小乔,孙尚香,貂蝉,近程,420,15,50,1665,98,3339,51,380, 战士  突进  收割 
成吉思汗,被动：成吉思汗穿越草丛时会短暂提升移动速度，并强化短时内下一次普攻射出两箭(该效果有4秒冷却)，每支箭矢造成0（+65%物理加成）点物理伤害,成吉思汗释放猎鹰侦查，照亮周围区域并获取其中敌人的视野，持续5秒.可准备2只猎鹰.被动：箭矢第3次伤害同一目标时会额外造成80/160/240/320/400/480（+40%物理加成）点物理伤害,4,80,投掷最多存在2分钟的陷阱，陷阱被敌人触发后生成减速30%的区域，暴露其中敌人视野，短暂延迟后对区域内造成360/432/504/576/648/720（+120%物理加成）点物理伤害。最多同时放置2个陷阱，未被触发的陷阱落地2秒后隐形,2,60,成吉思汗骑行中对敌人射出箭矢造成160/240/320（+100%物理加成）点物理伤害，触发普攻法球效果并可以暴击。可储备5次使用次数，并随时间获取使用次数。,1/2/00,30,闪电匕首,无尽战刃,泣血之刃,急速战靴,破甲弓,影刃,孙膑,牛魔,项羽,鲁班七号,兰陵王,花木兰,远程,440,15,50,184,94,3027,37,370, 先手  射手  收割 
橘右京,被动：每间隔5秒，橘右京下一次普攻将进行一次强力拔刀斩，对前方敌人造成120%物理加成物理伤害并减速.处于攻击边缘的敌人将承受50%的额外伤害.,橘右京向后方进行跳跃，同时出剑，对附近的敌人造成200/240/280/320/360/400（+145%物理加成）点物理伤害，如果成功命中一名敌方英雄，该技能冷却时间缩短3秒.,8,0,橘右京快速出剑，对一条路径上的第一个敌人造成330/375/420/465/510/555（+212%物理加成）点物理伤害，后续敌人承受的伤害衰减50%，被剑气末端命中的敌人，将会被短暂晕眩.,10/9.5/9/8.5/8/7.5,0,橘右京持续出剑，攻击面前的敌人，每段造成100/150/200（+70%物理加成）点物理伤害，每次出剑命中敌方英雄，将回复自身生命值70/100/130（+35%物理加成）点.,12/11.5/11,0,暗影战斧,抵抗之靴,宗师之力,泣血之刃,破甲弓,贤者的庇护,孙膑,花木兰,老夫子,花木兰,鲁班七号,王昭君,近程,0,0,50,165,96,3150,48,390, 战士  突进 
马可波罗,被动：马可波罗每一次普通攻击都会连续发射两枪，第一枪命中造成70%物理加成点物理伤害，第二枪命中造成40%物理加成点物理伤害。,马可波罗向指定方向连续射击并加速，每一枪造成140/154/168/182/196/210（+12%物理加成）点物理伤害都能触发普攻的法球效果，命中回复10点能量，额外攻击速度会影响技能射出的子弹数目，在攻速达到0/75%/150%时射出子弹数5/7/9。,7/6.6/6.2/5.8/5.4/5,70,马可波罗向指定方向翻滚，并使得接下来3秒攻击附带35/41/47/53/59/65（+11%物理加成）点法术伤害。,5/4.8/4.6/4.4/4.2/4,70,马可波罗向周围发射弹幕触发普攻的发球效果并加速，造成200/250/300（+30%物理加成）点物理伤害，额外攻击速度会影响技能射出的弹幕波数，在攻速达到0/75%/150%时射出子弹数5/7/9；被动：马可波罗身边5500范围内存在敌方英雄时，提升20%的伤害和25%移动速度；,40/35/30,70,闪电匕首,无尽战刃,泣血之刃,急速战靴,破甲弓,影刃,孙膑,牛魔,项羽,鲁班七号,兰陵王,花木兰,远程,200,50,50,175,91,3041,46,360, 突进  射手 
雅典娜,被动：雅典娜死亡后在当前位置觉醒真身，以真身形态继续移动，对双方都可视；并在真身位置复活，向着雅典娜移动的友军英雄将会获得加速效果；作为造物主的古神，雅典娜对野怪/小兵造成额外25%的伤害。,雅典娜举盾向前，造成290/350/410/470/530/590（+63%物理加成）点法术伤害与击退，并生成一个持续1秒的护盾可抵免375/465/555/645/735/825（+82%物理加成）点伤害，护盾持续时间之内雅典娜免疫控制。,6,60,雅典娜向指定方向跳跃，并使得下一次普通攻击强化为一个非常强大的枪刺，造成290/350/410/470/530/590（+145%物理加成）点物理伤害；对英雄连续的第三次枪刺将贯穿目标，造成目标已损失生命25%的物理伤害，1、3技能的护盾命中会减少2技能4秒的冷却时间,8/7.6/7.2/6.8/6.4/6,60,雅典娜举起圣盾，产生一个巨大的护盾持续1.5秒可抵免1100/1570/2040（+100%物理加成）点伤害，护盾持续过程中免疫控制，1.5秒后圣盾碎裂对范围内敌人造成450/645/840（+100%物理加成）点法术伤害与减速效果。,9/15/12,90,暗影战斧,影忍之足,宗师之力,暴烈之甲,不死鸟之眼,冰霜长矛,韩信,花木兰,后羿,王昭君,孙膑,关羽,近程,430,15,50,162,106,2862,44,410, 近战  战士 
夏侯惇,被动：夏侯惇生命值低于50%时，每一次技能或普通攻击命中目标都会为其回复生命值2%，持续8秒.（该效果每60秒冷却一次）,夏侯惇挥动大刀，向前发射一道刃风.对刃风命中的敌人造成240/290/340/390/440/490（+100%物理加成）点物理伤害并减速，刃风命中英雄后可再次施放豪气斩，击飞前方一定区域的敌人造成240（+100%物理加成）点物理伤害.,7,50,夏侯惇获得一个额外最大生命值10%的护盾，对周围敌人造成200/225/250/275/300/325（+70%物理加成）点法术伤害.夏侯惇8秒内的下三次普通攻击获得额外的100/120/140/160/180/200点真实伤害，并减少1秒不羁之刃的冷却时间.,12/11/10/9/8/7,60,夏侯惇扔出链刃将自己拉向既定位置，对范围敌人造成300/425/550（+118%物理加成)点物理伤害并使第一个碰撞到的敌人昏迷1秒，夏侯惇飞抵目标区域后还将追加300（+118%物理加成）点物理伤害.,1/15/00,80,暗影战斧,冷静之靴,泣血之刃,破甲弓,不祥征兆,暴烈之甲,韩信,花木兰,狄仁杰,兰陵王,孙尚香,貂蝉,近程,430,15,50,159,101,3307,51,380, 战士  控制 
蔡文姬,被动：蔡文姬受到伤害后短暂提升自身移速并回复自身生命250（+50%法术加成）点，持续2秒，这个效果每10秒只会触发一次,蔡文姬演奏乐曲，自身移动速度提升20%，为自身和周围的友方英雄每0.5秒恢复60/66/72/78/84/90（+20%法术加成）点生命值，持续3秒,15/14.4/13.8/13.2/12.6/12,100,蔡文姬向指定方向弹奏一束音波，音波会在敌方单位之间弹射，造成250/290/330/370/410/450（+36%法术加成）点法术伤害和短暂眩晕，最多弹射6次，同一目标最多受到2次弹射效果，若受到多次弹射伤害后续伤害衰减50%。,9,70,蔡文姬释放琴音（持续5秒），增加范围内友方英雄200/250/300点物理和法术防御，并每0.5秒为血量最低的友方英雄恢复150/200/250（+35%法术加成）生命值,2/29/00,120,近卫荣耀,冷静之靴,圣杯,极寒风暴,梦魇之牙,贤者之书,孙尚香,鲁班七号,程咬金,露娜,韩信,花木兰,远程,470,17,50,159,96,3238,38,360, 辅助  远程 
关羽,被动：关羽每主动移动100距离速度将提高2%，移动达到2000距离时将进入冲锋状态.冲锋时对敌人造成普攻伤害并附带自身最大生命值12%的物理伤害.该姿态下关羽受到减速或者控制导致其速度低于375时.将停止冲锋。冲锋姿态普攻可击退敌人，面朝敌方将获得20%移动加速.,关羽旋转大刀对附近造成敌人215/430/645/860/1075/1290（+127%物理加成）点物理伤害.冲锋姿态下将发起冲锋造成（+100%物理加成）（+最大生命值的12%）点物理伤害，并在结束时向前劈砍，造成250/500/750/1000/1250/1500（+150%物理加成）点物理伤害,8/7.2/6.4/5.6/4.8/4,0,关羽清啸一声，大幅度增加自身移动速度并解除自身控制效果。冲锋姿态下前跃击退敌人，造成335/470/605/740/875/1010（+112%物理加成）点物理伤害，增加自身移速解除控制效果,14,0,关羽激发潜能，将冲锋准备距离从100缩短至50持续10秒。冲锋姿态下召唤铁骑突击撞退敌人，冲锋造成（+100%物理加成）（+最大生命值的12%）点物理伤害，将冲锋准备距离从100缩短至50%持续10秒。,70/55/40,0,抵抗之靴,暗影战斧,冰痕之握,不死鸟之眼,不祥征兆,反伤刺甲,鲁班七号,宫本武藏,王昭君,狄仁杰,孙尚香,孙膑,近程,10,0,50,170,101,3322,51,380, 战士  突进 
虞姬,被动：脱战后，树神之力加持虞姬下一次普攻为树神束缚造成200(+200%物理加成)点物理伤害并且攻击距离提升，树神束缚对目标造成衰减1.5秒的90%减速,虞姬蓄力后，发射一支携树神加持的强力弩矢，弩矢对飞行路线上第一个敌人造成365/475/585/695/805/915（+180%物理加成）点物理伤害，后续命中一个敌人衰减10%伤害，最低衰减到60%伤害,5,50,增加虞姬30%/36%/42%/48%/54%/60%的移动速度，期间能闪避所有的物理攻击，并在技能开启时，清空自身减速效果,15/14/13/12/11/10,80,虞姬冲向目标使敌人短暂晕眩并附带树神束缚的减速效果，然后在后跳过程中对敌人快速射出2支弩失，每支造成220/280/340（+120%物理加成）点物理伤害。后跳过程中免疫控制。,20/17/14,100,无尽战刃,闪电匕首,急速战靴,泣血之刃,破甲弓,影刃,项羽,廉颇,露娜,貂蝉,韩信,花木兰,远程,440,16,50,165,84,2977,36,340, 突进  射手 
安琪拉,被动：使用技能会对敌人造成额外灼烧伤害，可以在短时间内叠加至多10层,安琪拉召唤5颗火球朝指定位置攻击，每颗火球对敌人造成350/390/430/470/510/550（+30%法术加成）点法术伤害。当敌人被多颗火球命中时，额外的火球只能造成30%伤害。火球命中英雄时会停止移动并销毁。,6,70,安琪拉朝指定位置释放混沌火种，火种在触碰敌人或者散播到最远距离时，裂变为火焰漩涡使命中的敌方短暂眩晕，之后缓慢飞行对周围的敌人每次灼伤造成130/145/160/175/190/205（+17%法术加成）点法术伤害并减速。,10/9.6/9.2/8.8/8.4/8,80,安琪拉蓄力朝面前持续释放炽热光辉，对触碰的敌人每0.3秒造成150/190/230（+21%法术加成）点法术伤害并获得炽热护盾，护盾存在期间不会受到控制效果，护盾可抵免600/800/1000（+60%法术加成）点伤害。（施法1秒后再次释放该技能可以取消引导）,30/26/22,120,时之预言,秘法之靴,博学者之怒,巫术法杖,冰霜法杖,贤者之书,韩信,项羽,狄仁杰,孙尚香,庄周,孙膑,远程,490,17,50,170,83,3323,47,360, 远程消耗  法师 
项羽,被动：当生命低于30%，项羽可在6秒内获得30%伤害输出加成与40%免伤加成，此效果有120秒CD,项羽向前冲锋，每段打击对敌人造成100/115/130/145/160/175（+43%物理加成）点物理伤害和击退效果，最后一段将造成击飞效果，命中敌方会减少该技能30%冷却时间,12/11.6/11.2/10.8/10.4/10,60,项羽发出怒吼，对范围内的敌人造成减速与150/180/210/240/270/300（+80%物理加成）点法术伤害，并减少敌人的伤害输出25/28/31/34/37/40%持续2秒。被动：可固定格挡减少每次伤害4/8/12/16/20/24点,12/11.6/11.2/10.8/10.4/10,50,项羽在持续的蓄力后对面前的目标造成860/1075/1290（+158%物理加成）点物理伤害，被枪刃命中的敌人会受到额外的眩晕效果,40/35/30,100,抵抗之靴,红莲斗篷,不死鸟之眼,近卫荣耀,极寒风暴,破军,鲁班七号,武则天,狄仁杰,孙尚香,嬴政,武则天,近程,420,15,50,175,123,3535,58,370, 坦克  团控  先手 
后羿,被动：后羿的攻击会让目标减速6%，可叠加最高5层,让后羿的普攻射出一阵炙热箭风，短时间内下三次攻击都会造成额外65/80/95/110/125/140（+45%物理加成）点物理伤害,10,60,后羿向前方的锥形范围射出箭矢，每支箭造成360/440/520/600/680/760（+116%物理加成）点物理伤害（每个敌人至多承受一次伤害），并附加减速效果,9/8/7/6/5/4,60,后羿向前方射出火焰箭。击中敌方英雄时造成500/625/750（+140%物理加成）点物理伤害并晕眩此目标（眩晕时长取决于火焰箭的飞行距离，最多造成3.5秒眩晕）。目标周围的敌人会受到爆炸伤害,45/40/35,130,闪电匕首,末世,急速战靴,无尽战刃,破甲弓,影刃,廉颇,刘禅,亚瑟,典韦,阿轲,宫本武藏,远程,440,16,50,161,89,3297,41,340, 射手  高爆发 
刘禅,被动：刘禅的技能可以对机关造成等量的伤害，当刘禅技能对敌方机关造成伤害时会掠夺零件为自身恢复200点生命值（每级成长14点），并且刘禅的控制效果可对防御塔造成短暂的干扰效果,刘禅开启护盾向前发起冲锋，吸收600/840/1080/1320/1560/1800点伤害同时提升自身移动速度持续3秒，并强化下一次普通攻击，造成350/400/450/500/550/600（+122%物理加成）点物理伤害并短暂击飞,12/11/10/9/8/7,70,刘禅操纵机关熊猫伸出魔爪攻击前方区域敌人，造成400/480/560/640/720/800（+100%物理加成）点物理伤害并眩晕,8,65,机关熊猫伸展双臂原地回转，持续对周围敌人打击，每段造成240/320/400（+75%物理加成）点物理伤害。,40/35/30,140,红莲斗篷,抵抗之靴,暴烈之甲,不死鸟之眼,霸者重装,反伤刺甲,王昭君,甄姬,阿轲,赵云,小乔,孙膑,近程,0,0,50,178,139,3364,54,380, 坦克  近战 
王昭君,被动：王昭君脱离战斗后会获得可抵免450（+52%法术加成）点伤害的寒冰护盾，护盾破裂时对附近敌人造成一次冰霜冲击，造成450（+52%法术加成）点法术伤害与减速效果；寒冰护盾有3秒的回复冷却时间。,王昭君操控碎裂冰晶绽开，对范围内的敌军造成400/480/560/640/720/800（+65%法术加成）点法术伤害与减速，并获得他们的视野2秒,5,80,王昭君引领寒霜之力，一定时间后将范围内敌人冰冻并造成250/280/310/340/370/400（+47%法术加成）点法术伤害.被动：对被冰冻的敌人造成额外250/280/310/340/370/400（+50%法术加成）点法术伤害。,8/7.6/7.2/6.8/6.4/6,80,王昭君召唤寒冬之力刷新寒冰护盾，在指定位置降下暴风雪对范围内敌人每次打击造成300/375/450（+50%法术加成）点法术伤害与减速，期间获得600点护甲加成。,50/45/40,150,圣杯,冷静之靴,回响之杖,博学者之怒,虚无法杖,贤者之书,小乔,武则天,典韦,亚瑟,赵云,宫本武藏,远程,490,17,50,165,91,3083,44,340, 控制  法师 
赵云,被动：每损失3%最大生命值获得额外1%免伤效果,赵云执枪冲锋陷阵，对前方直线路径敌人造成190/214/238/262/286/310（+100%物理加成）点物理伤害，重置普攻并使得下一次普通攻击造成65/74/83/92/101/110（+135%物理加成）点物理伤害并减少敌人移动速度,7/6.4/5.8/5.2/4.6/4,45,赵云快速刺出龙枪，对前方范围内敌人造成高额伤害，每段造成120/135/150/165/180/195（+50%物理加成）点物理伤害，命中英雄后回复35/39/43/47/51/55（+14%物理加成）点生命值,8/7.2/6.4/5.6/4.8/4,75,赵云跃向空中，向地面目标发动雷霆一击，对范围内敌人造成370/460/550（+140%物理加成）点物理伤害将其短暂击飞，并让目标感电，赵云的普攻和技能伤害对感电目标造成额外30/45/60（+13%物理加成）点法术伤害,18/15/12,135,抵抗之靴,暗影战斧,贪婪之噬,不死鸟之眼,暴烈之甲,破军,扁鹊,庄周,鲁班七号,孙尚香,亚瑟,白起,近程,430,15,50,173,84,3267,50,380, 战士  突进  控制 
花木兰,被动：花木兰使用两把短剑时，移动速度提升，普通攻击和技能伤害将会持续破坏目标的平衡，连续5次攻击触发印记造成200%物理加成点物理伤害沉默并减速目标；花木兰使用重剑时，普通攻击造成50%额外伤害但基础攻速降低，使用技能过程中处于霸体状态并大幅度提升免伤50%,花木兰向指定方向冲锋后向前挥砍，对命中的目标造成80/90/100/110/120/130（+43%物理加成）点物理伤害；如果该技能命中至少一个单位，那么能够在5秒内使用第二次,8/7.6/7.2/6.8/6.4/6,0,花木兰向指定方向投掷短剑，对过程中敌人造成180/200/220/240/260/280（+90%物理加成）点物理伤害，短剑在到达终点后在空中旋转，持续对范围内敌人造成72（+36%物理加成）点物理伤害与减速效果，短剑在空中最多持续3秒，花木兰能够通过拾起短剑减少技能5秒冷却时间,12,0,花木兰拔出重剑横扫，对范围内敌人造成200/280/360（+110%）物理伤害，并切换至重剑技能，同时在重剑形态下提升攻击力60点持续5秒,1/6/00,0,暗影战斧,抵抗之靴,无尽战刃,泣血之刃,破甲弓,贤者的庇护,夏侯惇,吕布,鲁班七号,后羿,牛魔,诸葛亮,近程,100,0,50,170,86,2886,44,380, 战士  突进  收割 
狄仁杰,被动：狄仁杰的普通攻击会增加自身攻击速度3%与移动速度5%，最多叠加5层。,狄仁杰甩出六枚令牌（可触发普攻法球效果），对命中的目标造成65%物理加成点物理伤害与80/88/96/104/112/120（+20%法术加成）（+40%额外物理加成）点法术伤害（蓝牌伤害减半），蓝牌可对目标造成额外减速效果，同一目标受到多发红蓝牌伤害后续伤害衰减70%；被动：第三次普通攻击将会随机强化为一张蓝牌或红牌,8/7.6/7.2/6.8/6.4/6,60,狄仁杰清除自身负面效果（可触发普攻发球效果），增加移动速度，并向周围掷出八道令牌，令牌的伤害和效果与【1技能六令追凶】相同,12/11.6/11.2/10.8/10.4/10,70,狄仁杰向指定方向投掷一枚金色令牌，对命中的第一个英雄造成300/375/450（+60%法术加成）（+120%额外物理加成）点物理伤害与等量的法术伤害，并造成晕眩减少目标双抗30%，获得目标视野持续5秒；期间友军向目标移动会增加移动速度10%,30/25/20,100,闪电匕首,无尽战刃,泣血之刃,急速战靴,破甲弓,影刃,孙膑,牛魔,刘邦,项羽,兰陵王,花木兰,远程,440,15,50,169,95,3242,40,350, 射手  消耗 
韩信,被动：第四次普通攻击将会挑飞目标，释放技能命中目标后会获得50%攻击速度加成,韩信持枪冲锋后挑飞目标，对其造成135/151/167/183/199/215（+62%物理加成）点物理伤害，这个技能释放后的5秒内可以再次使用,9.6/8.8/8/7.2/6.4/5.6,55,韩信向后跳跃，并使3秒内的下一次普通攻击变为横扫，造成180/200/220/240/260/280（+100%物理加成）点物理伤害,5,80,韩信长枪乱舞，对范围内敌人造成多段130/165/200（+62%物理加成）点物理伤害，最后一次伤害会击飞目标，乱舞期间韩信处于霸体状态,36/30/24,140,冷静之靴,追击刀锋,暗影战斧,无尽战刃,破军,贤者的庇护,扁鹊,嬴政,武则天,姜子牙,狄仁杰,钟无艳,近程,430,15,50,172,92,2988,45,380, 刺客  突进  推进 
墨子,被动：连续的第四次普通攻击会将正前方的目标击退并造成125%法术加成及150%物理加成的法术伤害，释放所有技能都会获得短暂的护盾效果,墨子驾驶机关人向前突进，对穿过的目标造成250/300/350/400/450/500（+38法术加成）点法术伤害，将下一次普攻替换为能够击退敌人的炮击,10/9/8/7/6/5,70,墨子驾驶机关人向目标开炮，对范围内的敌人造成450/550/650/750/850/950（+140%法术加成）点法术伤害与晕眩,7,70,墨子驾驶机关人展开高能屏障，每次对触碰到屏障的敌人造成200/250/300（+45%法术加成）点法术伤害并将其晕眩在原地,42/35/28,150,冷静之靴,回响之杖,博学者之怒,冰霜法杖,痛苦面具,贤者之书,狄仁杰,鲁班七号,赵云,韩信,庄周,孙膑,近程,420,15,50,181,102,3083,51,380, 法师  坦克  团控 
鲁班七号,被动：连续的第五次普通攻击会掏出机枪进行疯狂扫射，每段造成90%物理加成的物理伤害,鲁班投掷一枚河豚手雷，对命中的目标造成120/145/170/195/220/245（+54%物理加成）点物理伤害与减速效果(处于手雷中心的敌人会被眩晕1秒），并使得下一次普通攻击升级为扫射,12/11/10/9/8/7,70,鲁班向指定方向发射火箭炮，命中英雄后造成260/295/330/365/400/435（+100%物理加成）点物理伤害，并附带目标已损生命5/6/7/8/9/10%法术伤害，使得下一次普通攻击升级为扫射,17/16/15/14/13/12,70,鲁班召唤河豚飞艇进行空中支援，河豚飞艇每秒对范围内随机一个敌人投掷炸弹，炸弹在0.75秒后落下，对小范围内的敌人造成320/400/480（+123%物理加成）点物理伤害，并使得下一次普通攻击升级会扫射。,40/30/20,100,末世,急速战靴,无尽战刃,泣血之刃,破甲弓,破军,廉颇,钟无艳,亚瑟,刘禅,阿轲,韩信,远程,440,15,50,174,8,3401,42,350, 射手  消耗 
宫本武藏,被动：宫本武藏释放技能将会为下一次普通攻击蓄力，造成额外30（+60%物理加成）点物理伤害并减少所有技能1秒冷却时间,宫本武藏向前斩出一道剑气，对穿过的敌人造成340/440/540/640/740/840（+125%物理加成）点物理伤害并减速，同时击落路径上的敌方飞行物；释放1技能期间宫本武藏处于霸体状态；被动：宫本武藏对敌方英雄造成伤害后会在3秒内持续回复生命值总共30/48/66/84/102/120（+21%物理加成）点，这个效果不会叠加,10/9.6/9.2/8.8/8.4/8,0,宫本武藏向前冲刺，对穿过的敌人造成100/130/160/190/220/250（+60%物理加成）点物理伤害，如果该技能穿过敌军将获得抵免100/160/220/280/340/400（+60%物理加成）点伤害的护盾效果并返还50%的冷却时间，护盾每4秒只能获得一次,10/9.6/9.2/8.8/8.4/8,0,宫本武藏跃向空中，在短暂延迟后拔出鸣雷斩落，对目标周围的区域造成400/550/700（+100%物理加成）点物理伤害，同时将当前目标击飞并减速；在接下来的12秒内宫本武藏进入二刀流状态移动速度提升，所有普攻与技能都会附带鸣雷的35（+15%物理加成）点法术伤害，狩魔范围提升，神速将获得额外突进距离,80/75/70,0,暗影战斧,影忍之足,宗师之力,闪电匕首,反伤刺甲,暴烈之甲,小乔,达摩,后羿,甄姬,张良,貂蝉,近程,0,0,50,157,106,2902,47,400, 战士  控制  突进 
牛魔,被动：周围500范围内有友方英雄时，牛魔和范围内血量最少的友方英雄会获得200点护甲魔抗.,牛魔以大斧横劈，对前方大范围内的敌人造成250/300/350/400/450/500（+110%物理加成）点物理伤害，被斧刃刮到的敌人会额外受到虚弱效果，降低15%的攻击力和法术强度（只对英雄生效），持续3秒.如果命中了敌方英雄，下次普攻或技能会触发额外法术伤害,6,55,牛魔朝指定方向冲锋，击飞沿途的敌人造成450/530/610/690/770/850（+90%物理加成）点物理伤害并击飞0.75秒，敌人落地后会额外受到1秒的90%减速效果,10/9.6/9.2/8.8/8.4/8,80,短暂蓄力后，牛魔以巨斧猛力劈开大地，击飞面前路径上的敌人，并造成550/700/850（+130%物理加成）点物理伤害.同时沿途的大地被牛魔力量撕裂，持续5秒，踏入撕裂范围的敌人将遭受减速和持续伤害.,40/35/30,150,红莲斗篷,近卫荣耀,影忍之足,不死鸟之眼,霸者重装,闪电匕首,鲁班七号,孙尚香,曹操,钟无艳,武则天,小乔,近程,0,0,50,156,109,3537,55,380, 突进  坦克 
貂蝉,被动：貂蝉的技能命中会为目标叠加花之印记，每四层印记触发一次爆炸，回复自身100点生命并对周围敌人造成160（+64%法术加成）点真实伤害与减速效果,貂蝉向前挥出花球并收回，每段造成180/220/260/300/340/380（+57%法术加成）点法术伤害,5,50,貂蝉瞬间消失，并立即出现在指定方向的终点，散发3枚花球攻击终点附近的敌人，每枚造成140/155/170/185/200/215（+24%法术加成）点法术伤害，命中敌人会减少技能4秒冷却时间,10,50,貂蝉绽放风华，原地结成法阵，法阵生成及消失都将造成210/245/280（+50%法术加成）点法术伤害.在法阵之中貂蝉的一、二级技能会加快冷却回复,40/35/30,80,圣杯,冷静之靴,回响之杖,博学者之怒,冰霜法杖,贤者之书,白起,孙膑,狄仁杰,妲己,后羿,鲁班七号,远程,490,17,50,167,87,3019,43,340, 突进  法师  高爆发 
典韦,被动：每一次击杀或者助攻会增加1层攻击BUFF，共20层，每层提高12点物理攻击力,典韦冲锋陷阵，大幅度提升自身攻击速度与移动速度，并强化下一次普通攻击，对附近敌人造成额外250/300/350/400/450/500（+120%物理加成）点物理伤害，激活时移除自身控制效果。,9/8.6/8.2/7.8/7.4/7,55,暴怒的典韦践踏大地，命中敌人后将提升自身攻速对附近敌人造成250/280/310/340/370/400（+100%物理加成）点物理伤害并造成持续2秒减速。,8/7.4/6.8/6.2/5.6/5,65,典韦对目标发起跳斩造成300/375/450（+140%物理加成）点真实伤害和减速，并强化自身，对敌人造成的所有伤害附带目标最大生命3%的真实伤害，持续5秒。,30/25/20,130,红莲斗篷,反伤刺甲,影忍之足,暴烈之甲,血魔之怒,霸者重装,达摩,高渐离,高渐离,孙膑,张良,庄周,近程,430,16,50,168,89,3434,52,370, 战士  坦克 
小乔,被动：释放技能命中敌人时，短时间2秒内提升自身移动速度25%,小乔扔出一把回旋飞行的扇子，对触碰的敌人造成360/435/510/585/660/735（+100%法术加成）点法术伤害，每命中一个单位后续伤害衰减20%，最低减到原伤害40%为止,5,60,小乔在敌人脚下召唤出恋之旋风，对敌人造成260/292/324/356/388/420（+62%法术加成）点法术伤害并击飞,14.5/13.3/12.1/10.9/9.7/8.5,80,用爱心召唤流星，不断打击附近的敌人，每次造成260/325/390（+65%法术加成）点法术伤害，每个敌人最多承受4次攻击，持续5秒,42/35/28,140,圣杯,秘法之靴,博学者之怒,回响之杖,虚无法杖,贤者之书,王昭君,甄姬,鲁班七号,孙尚香,钟无艳,项羽,远程,490,18,50,153,95,3088,44,340, 消耗  法师 
甄姬,被动：每次技能伤害都会为目标叠加印记，当印记叠满三层时目标将会被冰冻并造成350（+52%法术加成）点法术伤害（该效果5秒内对同一目标只会生效一次）。,甄姬召唤水柱冲出地面，对接触的敌人造成500/590/680/770/860/950（+70%法术加成）点法术伤害并击飞。,8,90,甄姬引导水流在敌人间流动，对敌人造成300/350/400/450/500/550（+45%法术加成）点法术伤害。,6,70,甄姬释放水之精魄，对直接命中的敌人造成400/500/600（+65%法术加成）点法术伤害，并形成一片水域，对触碰的敌人造成200/250/300（+32%法术加成）点法术伤害与减速效果。,50/45/40,150,圣杯,秘法之靴,博学者之怒,回响之杖,虚无法杖,冰霜法杖,露娜,安琪拉,白起,阿轲,武则天,扁鹊,远程,0,0,50,165,87,3040,40,340, 突进  法师 
妲己,被动：造成的伤害会减少目标的法术抗性，共3层，每次减少目标30～72点法术抗性（随英雄等级成长）,妲己挥出灵魂冲击波，对命中的敌人造成520/585/650/715/780/845（+122%法术加成）点法术伤害,8/7.4/6.8/6.2/5.6/5,80,妲己抛出魅力爱心，对命中的敌人造成285/320/355/390/425/460（+66%法术加成）点法术伤害，并眩晕1.5秒,12/11/10/9/8/7,90,妲己放出至多5团狐火攻击附近的敌人，每团狐火造成325/405/485（+75%法术加成）点法术伤害，狐火命中同一个单位，第二发开始将只造成50%伤害,18/15/12,120,圣杯,秘法之靴,博学者之怒,回响之杖,虚无法杖,贤者之书,老夫子,典韦,赵云,廉颇,武则天,嬴政,远程,0,0,50,170,86,3229,41,340, 先手  法师 
孙膑,被动：释放技能会短暂在1秒内增加自身移动速度20%,孙膑向指定方向投掷一枚炸弹，对命中的第一个目标造成180/225/270/315/360/405（+18%法术加成）点法术伤害并附着在目标身上，3秒后炸弹爆炸，对范围内敌人造成540/675/810/945/1080/1215（+54%法术加成）点法术伤害与减速效果,8/7.6/7.2/6.8/6.4/6,60,孙膑引导时空之力，使得范围内友军移动速度30%/36%/42%/48%/54%/60%和冷却回复速度提升20%持续2秒，2秒后时光倒流，返还目标期间受损的生命值40%,12/11.2/10.4/9.6/8.8/8,60,孙膑向指定方向投掷一枚强化炸弹，命中目标或飞行到最大距离后展开，对范围内敌人造成500/625/750（+45%法术加成）点法术伤害、减速与沉默；力场展开持续5秒，期间范围内敌方目标冷却回复减慢25%，5秒后再次造成1500/1875/2250（+135%法术加成）点法术伤害,45/40/35,100,冷静之靴,圣杯,近卫荣耀,冰霜法杖,回响之杖,痛苦面具,亚瑟,张良,老夫子,亚瑟,狄仁杰,钟无艳,远程,200,50,50,175,91,3041,46,360, 辅助  控制
武则天,被动：武则天脱离战斗后会获得50点移动速度，同时每秒回复1%最大法力值,武则天向指定方向释放能量法球，碰到敌人后爆开，对范围内的敌人造成350/420/490/560/630/700（+50%法术加成）点法术伤害，由被强化的女帝辉光将造成双倍伤害并附带击飞效果；被动：释放任意两个技能会强化3秒内的下一次【女帝辉光】并清除当前【女帝辉光】的冷却时间。,3,60,武则天的威严不可侵犯，击退身边靠近她的敌人并对他们造成250/280/310/340/370/400（+30%法术加成）点法术伤害；如果技能命中目标，则增加武则天移动速度30%/34%/38%/42%/46%/50%，并降低命中目标的移动速度30/34/38/42/46/50%。,10/9/8/7/6/5,90,武则天以女帝权威施行制裁，在所有敌方英雄脚下召唤法阵并引爆，对范围内敌人造成750/925/1100（+90%法术加成）点法术伤害和晕眩。并获得敌方视野持续3秒。,80/70/60,150,圣杯,冷静之靴,回响之杖,博学者之怒,痛苦面具,贤者之书,廉颇,项羽,王昭君,甄姬,赵云,韩信,远程,0,0,50,173,95,2860,40,340, 法师  爆发 
高渐离,被动：进行四次演奏以后（普攻或者释放技能），下次普通攻击将会向前弹奏出带有穿透效果的能量和弦，造成300（+100%法术加成）的法术伤害,高渐离弹奏出音符，对附近至多2名敌人造成350/410/470/530/590/650（+47%法术加成）点法术伤害，音符命中敌人后，将向附近的敌人进行弹射，至多弹射2次.如果敌人被多个音符命中，后续音符只造成30%的伤害,7,80,高渐离震慑琴弦，对附近敌人造成500/560/620/680/740/800（+65%法术加成）点法术伤害，并降低其移动速度35%/40%/45%/50%/55%/60%，持续2秒,12/11/10/9/8/7,70,高渐离激情演奏持续对附近敌人造成伤害（每0.5秒演奏一次，总共10次），每段造成200/250/300（+15%法术加成）点法术伤害，释放技能的瞬间高渐离获得15%免伤效果，身边每个敌方英雄将增加额外5%的免伤效果，持续5秒，并在3秒内获得70%的爆发移动速度加成（持续衰减）。,40/35/30,140,血族之书,秘法之靴,博学者之怒,回响之杖,冰霜法杖,贤者之书,宫本武藏,赵云,亚瑟,刘禅,赵云,宫本武藏,远程,490,17,50,163,98,3122,44,360, 高爆发  法师 
吕布,被动：吕布拥有比其他近战更远的攻击距离，方天画戟附魔状态下，普攻会造成基于自身攻击力的100%物理加成点真实伤害并且回复自身已损生命值1%（+25%额外物理攻击）。如果下一次方天画戟未斩中英雄，会立刻失去附魔效果。,吕布挥出一击方天画斩，造成500/620/740/860/980/1100（+275%额外物理加成）点物理伤害，如果命中英雄，将会附魔自身武器，附魔的方天画斩会造成真实伤害，每击中1个英雄回复自身已损失生命4%（+50%额外物理加成）,5,0,吕布夺取身前范围内敌人的魂灵，对其造成微量物理伤害和30%减速持续3秒。每夺取一个魂灵都会为自身增加护盾。最高同时抽中3个单位产生可抵免900/1260/1620/1980/2340/2700点伤害的护盾。,12/11/10/9/8/7,0,吕布标记指定地点后从天而降展开杀戮。落地击飞内圈的敌人，并在印记范围内施展范围更大但因为蓄力威力减弱的方天画斩造成400/650/900（+250%额外物理加成）点物理伤害，吕布在印记范围内会获得额外的240/300/360点护甲和魔抗，触碰印记边缘的敌人会减速并造成150（+87%额外物理加成）点物理伤害英雄触碰会额外回复吕布自身已损生命4%（+50%额外物理加成）。,60/55/50,0,冷静之靴,不死鸟之眼,暗影战斧,血魔之怒,暴烈之甲,破军,嬴政,武则天,狄仁杰,孙尚香,貂蝉,曹操,近程,0,0,50,170,99,3564,54,370, 战士  射手 
孙悟空,被动：每次释放技能后强化下一次普攻，使伤害提升至210（+140%物理加成）的物理伤害，附带位移效果。孙悟空天生拥有20%暴击率，但初始暴击效果为150%,孙悟空念起护身咒，护身咒可在1秒内为孙悟空抵挡一次敌方技能。若成功抵挡，孙悟空将获得极短暂的无敌效果，以及持续4秒的护盾。开启技能还会获得短暂加速效果,12/11.6/11.2/10.8/10.4/10,80,孙悟空朝指定方向冲锋，命中敌人后借力腾空跳跃。跳跃过程中可使用普攻或英雄技能可中断跳跃,8/7.4/6.8/6.2/5.6/5,60,孙悟空将金箍棒变大直插入地，造成巨大震动对周围敌人造成150/190/230（+50%物理加成）点物理伤害并晕眩1秒。并对命中敌人打上3层印记。孙悟空的普攻命中带有印记的敌人将造成额外120点物理伤害（随英雄等级每级提升30点），并消耗一层印记,40/35/30,150,暗影战斧,影忍之足,无尽战刃,泣血之刃,宗师之力,贤者的庇护,宫本武藏,太乙真人,鲁班七号,干将莫邪,芈月,项羽,近程,430,15,50,167,94,3293,50,380, 突进  团控 
孙尚香,被动：普通攻击减少翻滚突袭0.5秒冷却时间,孙尚香朝前方翻滚，强化下一次普攻，对一条直线的敌人造成330/360/390/420/450/480（+115%物理加成）点物理伤害（翻滚后附近有敌方英雄将获得短暂移速加成），释放强化攻击后短时间内提升下一次普通攻击的攻击范围。,5,35,孙尚香朝敌人投掷爆弹，对范围内敌人造成125/140/155/170/185/200（+50%物理加成）点物理伤害并造成持续1秒减速，命中敌方附带灼烧效果，每秒灼烧敌方最大生命比例伤害2%,10/9.2/8.4/7.6/6.8/6,80,孙尚香蓄力发射一枚弩炮，对范围内敌人造成400/500/600（+150%物理加成）点物理伤害,30/25/20,140,闪电匕首,急速战靴,无尽战刃,末世,泣血之刃,破甲弓,老夫子,典韦,扁鹊,孙膑,张良,庄周,远程,440,15,50,172,89,3235,40,340, 突进  射手  收割 
达摩,被动：每次释放技能提升自身护甲80，至多可以叠加3层，如果技能成功命中目标，下2次普攻将使用双拳攻击，造成额外伤害并回复自身50点生命.,达摩往前冲刺挥出强力冲拳，对路径上的敌人造成200/240/280/320/360/400（+100%物理加成）点物理伤害并短暂击飞.,6,45,达摩快速朝面前连续打出五拳，每一拳造成75/90/105/120/135/150（+33%物理加成）点物理伤害并减少目标20/28/36/44/52/60点护甲，减甲效果最多叠加5层，持续5秒。,10/9.6/9.2/8.8/8.4/8,60,达摩挥出超强一拳，击退面前的敌人并造成150/225/300（+65%物理加成）点物理伤害，被击飞的敌人如果在飞行过程中触碰了地形边缘将会再次受到物理伤害并晕眩。成功将敌方击退至地形边缘即可解锁真言·普渡的二段释放，造成100/150/200（+40%物理加成）点物理伤害并附带目标已损生命值16%的额外伤害。,35/30/25,100,暗影战斧,影忍之足,宗师之力,末世,反伤刺甲,暴烈之甲,兰陵王,花木兰,王昭君,狄仁杰,项羽,貂蝉,近程,420,16,50,171,95,3213,51,380, 战士  突进 
程咬金,被动：每损失1%最大生命值获得额外2～6点物理攻击力（随英雄等级变化），释放技能消耗当前生命值（普通技能8%，大招16%），并获得持续3秒内回复6%已损失生命值的回复效果。,程咬金猛力一跃并挥动双斧斩击，对范围内敌人造成120/155/190/225/260/295（+50%物理加成）点物理伤害，并造成50%的减速效果；被动：程咬金的普通攻击命中敌方英雄会减少1技能1秒的冷却时间。,15/14.4/13.8/13.2/12.6/12,0,程咬金可移动旋转，对范围内的敌人造成两段伤害，每段造成125/150/175/200/225/250（+60%物理加成）点物理伤害。,5,0,程咬金迸发正义热情，5秒内每秒回复8%最大生命，并增加移动速度30%。,1/30/00,0,暗影战斧,影忍之足,不死鸟之眼,破军,暴烈之甲,贤者的庇护,扁鹊,王昭君,赵云,韩信,刘禅,廉颇,近程,0,0,50,161,125,3437,57,380, 坦克  回复 
扁鹊,被动：普通攻击和技能都会附带持续25（+5%法术加成）点法术伤害的中毒效果，并叠加1层毒药印记，最高5层,扁鹊朝敌人扔出致命毒药，毒药散布后持续4秒对范围内敌人造成70/76/82/88/94/100（+12%法术加成）点法术伤害和减速效果，扁鹊每15/14.4/13.8/13.2/12.6/12秒可制作1瓶毒药，最多存放3瓶,2,40,扁鹊朝指定方向释放药剂，对触碰的敌人造成100/120/140/160/180/200（+30%法术加成）点法术伤害，并对触碰的友军英雄施加恢复印记并恢复生命值,5,50,扁鹊引爆附近所有印记，对敌人造成200/250/300（+40%法术加成）点法术伤害，对友军英雄治疗120/150/180（+24%法术加成）点生命值.每层印记额外增加50%的伤害与治疗效果。,18/15/12,130,痛苦面具,秘法之靴,博学者之怒,冰霜法杖,虚无法杖,回响之杖,白起,赵云,狄仁杰,孙尚香,小乔,妲己,远程,490,18,50,168,87,3205,45,350, 回复  法师 
亚瑟,被动：亚瑟获得圣光守护，每2秒恢复相当于自身1%的最大生命值,亚瑟短时间内提高移动速度，同时下一次普通攻击将对敌人造成180/205/230/255/280/305（+100%物理加成）点物理伤害，沉默当前目标持续1秒并标记敌方英雄，标记期间亚瑟普攻和技能会造成额外基于目标最大生命值1%的法术伤害，同时标记能够提升周围友军的移动速度，标记持续5秒,10/9/8/7/6/5,0,亚瑟在身边召唤圣盾，最多持续5秒，持续期间对周围敌人每次造成145/163/181/199/217/235（+50%物理加成）点物理伤害,12/11.4/10.8/10.2/9.6/9,0,亚瑟向敌方英雄跳跃，造成目标最大生命12/16/20%法术伤害，并召唤圣印，击飞敌方英雄周围的敌人并在圣印上造成持续每秒85/105/125点法术伤害,42/35/28,0,抵抗之靴,暗影战斧,破军,红莲斗篷,不祥征兆,贤者的庇护,狄仁杰,鲁班七号,阿轲,赵云,武则天,扁鹊,近程,0,0,50,164,98,3622,55,390, 战士  肉盾 
阿轲,被动：阿轲在敌人身后发起的攻击，必定暴击(包括技能)，但是基础暴击伤害只有125%（阿轲每1%暴击几率将提升额外的0.5%暴击伤害）。阿轲所有的正面发起的进攻，都不能产生暴击效果（对非英雄单位造成最多1500伤害）,阿轲立即使用双刺攻击目标（短时间内攻击2次且可触发攻击特效），造成175/200/225/250/275/300（+65%额外物理加成）点物理伤害（施法期间可以移动）。,4/3.8/3.6/3.4/3.2/3,0,阿轲朝指定方向开始快速位移（突进过程中不造成伤害），在抵达终点后，立即对附近的一名敌人发起攻击（优先英雄），造成350/390/430/470/510/550（+100%额外物理加成）点物理伤害并标记目标持续10秒。阿轲每次攻击标记目标时将附带短暂减速并缩短瞬华1秒冷却时间。被标记的目标攻击阿轲时造成的伤害降低30%，阿轲同一时间只能标记一个敌人。,9/8.6/8.2/7.8/7.4/7,0,阿轲短暂时间后进入隐身状态，每0.5秒恢复生命值并增加自身40%移动速度持续3秒（隐身解除后效果消失）。阿轲发起攻击时解除隐身状态，在解除隐身后3秒内增加自身150/175/200点攻击力并且阿轲对敌人造成伤害时增加自身30%移动速度（持续1秒）。被动：击杀或者助攻时刷新所有技能冷却时间。,1/20/00,0,无尽战刃,影忍之足,闪电匕首,暴烈之甲,红莲斗篷,贤者的庇护,宫本武藏,夏侯惇,鲁班七号,嬴政,太乙真人,牛魔,近程,0,0,50,177,89,3113,47,400, 刺客  突进  收割 
姜子牙,被动：每10秒为友军增加25点经验，经验随英雄等级提升,姜子牙聚集能量对目标区域的敌人进行冲击，命中的敌人在接下来的五秒内每0.5秒受到60/72/84/96/108/120（+7%法术加成）点法术伤害，并且移动速度和双抗会逐渐减少。最多降低90%移动速度，100/120/140/160/180/200点物理防御和100/120/140/160/180/200点法术防御,8,70,姜子牙在指定地点引爆能量，击退爆炸点周围的敌人并造成310/350/390/430/470/510（+47%法术加成）点法术伤害，并造成减速,10/9.4/8.8/8.2/7.6/7,80,姜子牙召唤能量聚集持续3秒，蓄力过程中进行任意操作都会中断蓄力并放出冲击波造成450/600/750（+35%法术加成）点法术伤害，蓄力越久伤害越高，可对建筑造成10%伤害,2010/8/6,100,圣杯,冷静之靴,回响之杖,博学者之怒,虚无法杖,贤者之书,廉颇,墨子,王昭君,甄姬,赵云,韩信,远程,490,18,50,168,106,2958,42,330, 突进  射手 
周瑜,被动：周瑜的技能将引燃目标，每秒造成目标最大生命值2%的法术伤害，持续4秒.技能命中被引燃目标会造成额外效果,周瑜召唤不死鸟之炎冲击前方，灼烧路径上敌人造成250/282/314/346/378/410（+47%法术加成）点法术伤害，命中敌方英雄后火鸟会消耗自己生成一次范围爆炸造成同样伤害.命中带引燃印记目标时造成晕眩,8/7.4/6.8/6.2/5.6/5,60,周瑜召唤燃烧的陨星坠落到指定地点并持续一段时间，期间对敌人造成多次伤害，每次造成145/163/181/199/217/235（+25%法术加成）点法术伤害.命中带引燃印记目标时造成晕眩,10/9/8/7/6/5,75,周瑜在指定位置制造炎之法阵，法阵中将喷发出燃烧火柱对敌人造成525/725/925（+110%法术加成）点法术伤害.命中带引燃印记的目标时造成额外120/170/220（+25%法术加成）点法术伤害,11/13/12,130,痛苦面具,秘法之靴,博学者之怒,回响之杖,冰霜法杖,贤者之书,白起,项羽,鲁班七号,武则天,宫本武藏,阿轲,远程,490,17,50,160,87,3093,46,350, 远程消耗  法师 
老夫子,被动：老夫子普通攻击命中获得训诫值，训诫值满5点后获得强化效果，增加老夫子60点移动速度及25%攻击速度，普通攻击附带60点真实伤害并能够减少1技能与2技能1秒CD，持续5秒；,老夫子挥动戒尺，将前方范围内的敌人抽到自己身前，造成200/240/280/320/360/400（+80%物理加成）点物理伤害与减速效果,8,0,老夫子爆发气场，在2秒内增加移动速度与高额免伤，并反弹普通攻击，对攻击者造成物理伤害与减速效果并附带普攻法球（包括回复训诫），每个单位只会被反弹一次。被动：有25%几率造成两次普攻，第二次普攻仅造成50%伤害,13,0,老夫子向前冲锋造成400/500/600（+120%物理加成）点物理伤害，将撞到的第一个敌方英雄捆在明灯上持续5秒，期间目标伤害输出降低，且无法离开明灯的范围,40/35/30,0,暗影战斧,影忍之足,宗师之力,闪电匕首,反伤刺甲,暴烈之甲,兰陵王,刘邦,小乔,鲁班七号,项羽,孙尚香,近程,430,16,50,168,100,3370,51,390, 战士  突进 
嬴政,被动：普通攻击附带穿透效果，造成70（+100%物理加成）（+30%法术加成）的法术伤害（对防御塔伤害衰减50%）,嬴政召唤黄金剑阵，每0.5秒对范围内的敌人造成120/140/160/180/200/220（+30%法术加成）的法术伤害，并降低他们的移动速度,8,100,嬴政开启王之护盾，持续时间内增加自身法术强度140/168/196/224/252/280和移动速度10/11/12/13/14/15%，被动：增加嬴政自身法术强度70/84/98/112/126/140和移动速度2/3/3/4/4/5%,12/11/10/9/8/7,40,嬴政展示王者权力，5秒内号令55只飞剑持续对前方敌人进行打击，每只飞剑造成105/131/157（+15%法术加成）点法术伤害，该技能对小兵和野怪额外造成25%伤害,1/30/00,150,秘法之靴,回响之杖,痛苦面具,博学者之怒,虚无法杖,贤者之书,钟无艳,白起,扁鹊,孙膑,赵云,典韦,远程,490,17,50,157,91,3125,44,350, 法师  爆发 
曹操,被动：释放技能时提升自身攻击速度10%，至多增加50%，持续3秒,曹操向前发起冲锋，对路径上的敌人造成160/185/210/235/260/285（+84%物理加成）点物理伤害，该技能可以在短时间内连续释放3次.第三次攻击将会击飞敌人,10/9.4/8.8/8.2/7.6/7,0,曹操剑指天下，向前挥出强大剑气对命中的敌人造成240/300/360/420/480/540（+90%物理加成）点物理伤害并短暂减速.被动：普通攻击命中敌人时减少纵横天下1秒冷却时间,12/11/10/9/8/7,0,曹操以鲜血意志强化大剑，开启时对附近敌人造成200/250/300（+72%物理加成）点物理伤害，并大幅度提升自身攻击力80及20%韧性效果，每次普攻或技能命中敌方将回复自身生命120/180/240（+40%物理加成）点，持续8秒,1/30/00,0,暗影战斧,抵抗之靴,贪婪之噬,无尽战刃,末世,不死鸟之眼,扁鹊,白起,廉颇,孙尚香,狄仁杰,宫本武藏,近程,0,0,50,174,104,3531,53,380, 突进  战术 
庄周,被动：每隔6秒，庄周会进入自然梦境，解除所有控制效果，并提高伤害免疫15%及15%移速持续2秒,庄周幻化出蝴蝶飞向前方，对路径上的敌人造成375/450/525/600/675/750(+69%法术加成)点法术伤害，并降低他们的移动速度，持续2秒,8,80,庄周梦中蝴蝶扇起翅膀，对身边的敌人造成250/320/390/460/530/600（+30%法术加成）点法术伤害，并增加范围内友军移动速度持续5秒，5秒内的连续命中会增加对敌人造成的伤害和叠加移动速度，额外最多增加4层效果；被动：每隔6秒，庄周会自动释放一次蝴蝶效应.,6/5.4/4.8/4.2/3.6/3,40,庄周幻化梦域保护附近友军，解除他们所受的控制效果，并使他们免控并提高伤害减免持续2秒,50/45/40,150,冷静之靴,时之预言,近卫荣耀,红莲斗篷,冰霜法杖,痛苦面具,典韦,程咬金,亚瑟,刘禅,姜子牙,程咬金,近程,420,15,50,170,150,3431,55,390, 辅助  坦克 
张良,被动：张良技能和第三次普攻给目标叠加咒印。每叠加3层引爆，造成140（+60%法术加成）点真实伤害,张良以言灵之术召唤一道法术壁垒，触碰到的敌人将受到400/450/500/550/600/650（+75%法术加成）点法术伤害和眩晕，并被叠加1层咒印,14/13/12/11/10/9,80,张良以言灵之术召唤侵蚀法阵，持续侵蚀踏入的敌人，每段侵蚀造成125/150/175/200/225/250（+28%法术加成）点法术伤害。法阵在启动和结束时各对敌人叠加1层咒印,10,80,张良以言灵之术抓住一名敌方英雄，持续2秒，期间每0.5秒造成200/250/300（+36%法术加成）点法术伤害，并持续支配对方。技能启动和结束时各对敌人叠加1层咒印,30/25/20,130,痛苦面具,秘法之靴,回响之杖,冰霜法杖,贤者之书,博学者之怒,孙膑,刘禅,露娜,阿轲,刘禅,廉颇,远程,490,18,50,170,87,3027,43,340, 控制  法师 
钟无艳,被动：所有伤害会有50%几率将敌方英雄石化，每个敌方英雄在8秒内只会受到一次石化效果,钟无艳向前突进，下一次普通攻击替换为重击造成225/270/315/360/405/450（+120%物理加成）点物理伤害与减速效果,5,60,钟无艳大锤蓄力后猛击地面，对范围内的敌人造成250/300/350/400/450/500（+105%物理加成）点物理伤害，对大锤命中中心的敌方单位造成双倍伤害并附带50%减速持续2秒,10/9/8/7/6/5,70,钟无艳快速旋转大锤，对范围内的敌人每段打击造成150/190/230（+70%物理加成）点物理伤害；被动：钟无艳召唤大地之力，每3秒获得一个可抵挡150/225/300点伤害的岩土护盾，护盾永久存在,35/30/25,140,抵抗之靴,红莲斗篷,暗影战斧,近卫荣耀,极寒风暴,贤者的庇护,嬴政,露娜,狄仁杰,孙尚香,达摩,武则天,近程,430,15,50,164,100,3528,48,380, 坦克  突进  控制 
芈月,被动：芈月释放技能会召唤暗影仆从，自动搜寻身边敌人进行攻击造成40（+7%法术加成）点法术伤害并回复芈月20（+3%法术加成）点生命值；召唤暗影仆从时芈月获得30点暗影之力，暗影之力消失时暗影仆从也会立即消失；暗影仆从最多存在6个,芈月向前释放能量，对命中的敌人造成200/220/240/260/280/300（+24%法术加成）点法术伤害，在能量飞行的过程中芈月能够再次使用技能降临在能量的当前位置，对范围内敌人造成法术伤害；第二段技能命中敌人会为芈月召唤一个暗影仆从,10/9.6/9.2/8.8/8.4/8,0,芈月向指定方向释放锁链持续4秒，连接命中的第一个单位，每0.5秒抽取目标的生命、10点攻击力与30点法术强度，每段造成50/60/70/80/90/100（+7%法术加成）点法术伤害，如果链条最终没有断裂，则为芈月召唤一个暗影仆从,9,0,芈月遁入黑暗能量，增加自身移动速度并免疫所有效果持续2秒，技能开启及结束时都将对范围内的敌人造成400/500/600（+50%法术加成）点法术伤害，如果第二段伤害命中敌人，则为芈月召唤一个暗影仆从；被动：芈月普通攻击得到强化，造成法术伤害与减速效果，同时增加自身10点暗影之力,24/22/20,0,噬神之书,影忍之足,冰霜法杖,不死鸟之眼,不祥征兆,贤者的庇护,李白,兰陵王,虞姬,后羿,张良,东皇太一,远程,100,0,50,152,88,3105,44,370, 坦克  法师 
露娜,被动：露娜的第一次普通攻击会向目标发起冲锋，第三次普攻将会造成范围伤害并标记敌人（无法标记机关),露娜挥出一道剑气冲击波，对命中的敌人造成350/430/510/590/670/750(+51%法术加成)点法术伤害，并标记敌人（无法标记机关),5,50,露娜将剑插入大地，以炙热剑芒牵引附近敌人靠近自己并眩晕他们，造成120/135/150/165/180/195（+31%法术加成）点法术伤害，获得可抵挡400/480/560/640/720/800（+80%法术加成）点伤害的护盾并标记敌人（无法标记机关)，造成持续2秒50%的减速,8,50,露娜向指定位置发起突击，对路径上敌人造成500/625/750（+60%法术加成）点法术伤害，如果露娜命中了标记敌人，将会刷新该技能冷却时间,25/20/15,80,时之预言,秘法之靴,博学者之怒,巫术法杖,冰霜法杖,贤者之书,甄姬,庄周,武则天,姜子牙,廉颇,庄周,近程,450,16,50,163,102,3021,52,380, 法师  突进  爆发 
廉颇,被动：释放技能的过程中处于霸体状态（不会受到控制效果），并减少所受到的伤害20%,廉颇发动豪情的冲锋，对敌人造成115/130/145/160/175/190（+100%物理加成）点物理伤害并将其短暂击飞,9/8.4/7.8/7.2/6.6/6,60,短暂蓄力后爆发战斗激情为自身提供抵免350/420/490/560/630/700点伤害的护盾，对范围内的敌人造成500/560/620/680/740/800（+155%物理加成）点物理伤害与减速,12/11/10/9/8/7,70,廉颇跳向目标地点并连续砸地三下，第一次造成150/200/250（+80%物理加成）点物理伤害与减速，随后的打击伤害递增。第三次会将范围内的敌人击飞，并造成更高的375（+200%物理加成）点物理伤害,54/45/36,150,冷静之靴,红莲斗篷,冰霜长矛,暴烈之甲,不死鸟之眼,破军,阿轲,武则天,老夫子,赵云,妲己,小乔,近程,0,0,50,163,132,3558,57,370, 突进  坦克 
白起,被动：每次击败英雄或助攻会回复生命值，击杀英雄回复最大生命6%，击败小兵野怪回复最大生命1%,白起回旋大镰血洗四方，对范围内的敌人造成125/150/175/200/225/250（+120%物理加成）点物理伤害；被动，白起受伤时有几率释放血之回响,10/9/8/7/6/5,40,白起挥出长镰，造成150/185/220/255/290/325（+70%物理加成）点物理伤害并将面前的敌人拉回到身前造成减速,14/13.4/12.8/12.2/11.6/11,60,白起嘲讽范围内的敌军持续2秒，期间自身受到的伤害将被降低20%/25%/30%；被动：受到攻击每层会提升移动速度10点与护甲30/60/90点，最多叠加3层持续3秒,30/25/20,80,疾步之靴,红莲斗篷,不死鸟之眼,血魔之怒,暴烈之甲,贤者的庇护,阿轲,武则天,阿轲,赵云,高渐离,狄仁杰,近程,0,0,50,158,120,3510,53,390, 突进  坦克 
张飞,被动：变身前普攻增加微量狂意.变狂后的张飞真身每次施放技能时，都会使周围的地面震动，造成范围减速50%，持续2秒，并且大幅度增加普攻伤害.,张飞挥扫蛇矛，将四周的英雄击退一段位移造成360/435/510/585/660/735（+80%物理加成）点物理伤害，击中英雄产生5点狂意，额外每命中一个非英雄单位增加1点狂意；入狂的张飞疯狂的砸击面前的敌人，造成450（+100%物理加成）点物理伤害.,6,0,张飞向指定区域跳跃，运行机关印记，使该区域的友军获得可抵免500/675/850/1025/1200/1375（+47%物理加成）点伤害的护盾，使用即增加狂意，如给其他英雄套上护盾额外增加1点狂意；入狂的张飞，向指定区域跳跃，践踏该区域敌军造成380/430/480/530/580/630（+94%物理加成）点物理伤害.,10,0,张飞狂意达顶峰，展现魔种真身获得巨额护盾，朝前怒吼形成狂风通路，怒吼期间免疫控制，推开通路两边敌人并眩晕通路末端敌人造成500/750/1000（+65%物理加成）点物理伤害，张飞在通路上会获得移动加速.,2/9/00,100,抵抗之靴,红莲斗篷,不死鸟之眼,血魔之怒,暴烈之甲,暗影战斧,曹操,孙悟空,貂蝉,甄姬,花木兰,庄周,近程,100,5,50,153,125,3450,55,380, 近战  坦克 
刘备,被动：火铳发射霰弹，每颗弹丸命中敌方英雄会给刘备叠加双抗，持续6秒，可叠加12层。霰弹只有中央2颗弹丸可暴击可触发装备效果，目标会受到50%总攻击力+40%额外弹丸数的总伤害（建筑不受额外弹丸影响）,刘备短时间提高移动速度40%，持续1.5秒，并在下次射击时击发两次，每颗弹丸造成120（+40%物理加成）点物理伤害,8/7.6/7.2/6.8/6.4/6,60,刘备向前冲锋，若撞击到敌人将造成小范围180/200/220/240/260/280（+70%物理加成）点物理伤害及击退效果，同时自身停止移动。若撞击到敌方英雄将减少该技能2秒冷却时间,10/9.4/8.8/8.2/7.6/7,80,刘备清除身上的控制效果，并获得可吸收1000/1500/2000点伤害的护盾，护盾存在期间刘备免疫控制，并会将普攻和技能造成伤害的50%转化为护盾值（对小兵野怪为20%），护盾最高值不可超过初始值的150%。开启技能还会获得50/100/150点攻击力加成，持续6秒,60/55/50,130,暗影战斧,影忍之足,泣血之刃,冰痕之握,反伤刺甲,不死鸟之眼,蔡文姬,宫本武藏,鲁班七号,狄仁杰,李白,项羽,远程,440,15,50,169,88,3081,38,340, 战士  爆发  免疫 
兰陵王,被动：兰陵王向附近敌方英雄移动时提升移动速度20%,兰陵王以拳刃挥砍身边敌人造成215/260/305/350/395/440（+85%物理加成）点物理伤害，同时召唤出影分身随机攻击周围单个敌人造成同样伤害,5,50,投射暗影匕首，造成165/186/207/228/249/270（+57%物理加成）点物理伤害并降低移速，3秒后受到已损失生命值24%物理伤害.期间受击者若再次受到兰陵王伤害将晕眩，并使兰陵王回复140/168/196/224/252/280（+50%物理加成）点生命值,9.6/8.8/8/7.2/6.4/5.6,80,在1.5秒后进入隐身状态，持续30秒.隐身时若持续处于敌人6米范围内超过3秒，隐身状态解除.期间再次施放该技能，将冲锋并对路径上敌人造成660/830/1000（+188%物理加成）点物理伤害，破隐后提升攻速50%持续5秒,36/30/24,120,泣血之刃,破军,抵抗之靴,无尽战刃,破甲弓,贤者的庇护,白起,牛魔,狄仁杰,鲁班七号,宫本武藏,花木兰,近程,450,19,50,171,85,3292,52,400, 刺客  隐身  突进 
娜可露露,被动：娜可露露的技能命中敌人时，强化下一次普通攻击额外造成80（+100%额外物理加成）的物理伤害。,娜可露露召唤玛玛哈哈攻击敌人造成350/400/450/500/550/600（+155%额外物理加成）点物理伤害，并对敌人施加鹰眼标记.娜可露露的其它伤害可以触发印记，对敌人造成最大生命值8%物理伤害（每40点额外物理攻击额外增幅1%），减少该技能3秒冷却并恢复法力值.,10/9.5/9/8.5/8/7.5,70,娜可露露向前冲刺，对路径上的敌人造成350/420/490/560/630/700（+170%额外物理加成）点物理伤害，每命中一个英雄将回复250/300/350/400/450/500（+100%额外物理加成）点自身生命值.,6,50,娜可露露召唤玛玛哈哈并肩作战，大幅度提升自身移动速度，再次释放该技能，娜可露露朝指定区域发起进攻，对敌人造成600/850/1100（+265%额外物理加成）点物理伤害并减速.受到冲击的敌人在3秒内降低30%伤害输出.,1/12/00,120,泣血之刃,暗影战斧,抵抗之靴,无尽战刃,破军,破甲弓,宫本武藏,武则天,甄姬,狄仁杰,妲己,吕布,近程,0,0,50,173,86,3239,38,380, 突进  刺客 
李白,被动：李白施展侠客行，连续（3秒内）的第四次普通攻击（对建筑除外）会触发侠客行，提升自身攻击力5%，并解除青莲剑歌的使用限制持续5秒.,李白以醉剑势向指定方向突进，对经过的目标造成120/144/168/192/216/240（+100%物理加成）点物理伤害，并造成晕眩，释放技能后5秒内再次启用发起冲锋，并在5秒内第三次启用回到原地.,12/10.6/9.2/7.8/6.4/5,80,李白以自身为中心化剑为青莲剑阵，对范围内敌人造成110/142/174/206/238/270（+54%物理加成）点物理伤害，并对撞到剑圈的敌人造成180（+90%物理加成）点物理伤害及减速，并降低目标的护甲100/175/250/325/400/475点，释放技能期间不可被选中,12/11.6/11.2/10.8/10.4/10,60,李白化身为剑气，对范围敌人飞速穿梭斩击5次剑气，每次剑气造成150/215/280（+68%物理加成）点物理伤害（若多个英雄单位生效，每增加一个目标伤害衰减15%，最多衰减至原伤害70%）释放技能时李白不可被选中和攻击。青莲剑歌需要由侠客行解除限制后方可释放，使用后立即进入限制状态,1/12/00,120,末世,暗影战斧,抵抗之靴,破军,泣血之刃,霸者重装,宫本武藏,花木兰,武则天,甄姬,后羿,吕布,近程,450,16,50,169,98,2968,43,390, 刺客  消耗  突进 
钟馗,被动：受到单次伤害超过当前生命值10%会引发爆炸（2秒内置CD），对500范围内敌人造成40（+40%法术加成）（+68)（最大生命值2%）法术伤害，钟馗死亡后3秒引爆区域，对500范围内敌人造成240（+240%法术加成）（+410）（最大生命值12%）法术伤害.,钟馗以虚空之力清除范围内敌人，对其造成200/240/280/320/360/400（+70%法术加成）点法术伤害与减速，在钟馗身边的敌人会受到额外的1.5倍伤害和减速效果.,4,60,钟馗投出钩锁将敌人拉至面前，并造成750/900/1050/1200/1350/1500（+165%法术加成）点法术伤害；被动：钟馗每次击杀或助攻会增加自身最大生命值125点，最高20层.,17/16/15/14/13/12,60,短暂延迟后钟馗张开虚空身躯对目标区域敌人进行多次吞噬效果，全中总共可造成2400/3000/3600（+360%法术加成）点法术伤害并产生护盾.,40/35/30,130,时之预言,回响之杖,影忍之足,博学者之怒,极寒风暴,贤者之书,吕布,后羿,宫本武藏,曹操,妲己,廉颇,近程,490,17,50,162,99,3420,57,360, 法师  钩子  团控 
李元芳,被动：元芳可爱的大耳朵可以帮助元芳周期性谛听周围的动向.获得并捕捉敌方英雄的踪迹，获得敌方视野1秒，该效果对同一单位6秒内只能生效一次。,暗印标记敌方英雄或者建筑，4秒后爆炸造成160/180/200/220/240/260(+77%物理加成）点范围内物理伤害.暗印期间元芳对目标的每次普攻都会增加额外160/180/200/220/240/260（+77%物理加成）点物理伤害，最高叠满4层直接引爆暗印.并且施法后4秒内提升50%攻速及75点攻击射程。,10/9.6/9.2/8.8/8.4/8,60,元芳放出飞轮，然后施展鬼魅身法终点现身接住飞轮，地遁阶段元芳将无法被选中，飞轮会对敌人造成减速和80/90/100/110/120/130（+67%物理加成）点物理伤害，经过的地面留下燃痕，持续对敌人造成伤害和减速，每0.25秒造成30/36/42/48/54/60（+25%物理加成）点物理伤害.,12/11.2/10.4/9.6/8.8/8,80,元芳平扔出飞轮到指定位置旋转卷起利刃风暴，利刃撞击目标中造成215/275/335（+75%物理加成）点物理伤害，持续数秒，对范围内的敌人造成持续减速和刃风，每0.5秒造成75/93/111（+30%物理加成）点物理伤害，内圈会受到双倍的刃伤.刃伤也可叠加暗印层数。,36/30/24,130,闪电匕首,急速战靴,破甲弓,泣血之刃,暗影战斧,破军,钟馗,张飞,吕布,曹操,狄仁杰,宫本武藏,远程,440,15,50,161,87,3007,37,340, 突进  收割 
刘邦,被动：第三次普通攻击将附带刘邦的最大生命值4-8%的法术伤害(在4/7/10/13级时提升1%)，该效果对防御塔不生效,开启护盾，可抵免400/520/640/760/880/1000（+168）（最大生命值的5%）点伤害，2.5秒后可手动结束护盾，结束时对周围造成320/416/512/608/704/800（+134）（最大生命值的4%）点法术伤害及减速效果。护盾若被击破则不造成伤害。,10,75,刘邦用剑直刺前方，剑气所经过的敌人受到150/170/190/210/230/250（+68%物理加成）点法术伤害。同时，剑气范围内距离刘邦近\中\远处的敌人将分别承受1.5秒晕眩\1秒晕眩\50%减速效果。剑气命中敌人后刘邦会短暂提升移动速度,9/8.6/8.2/7.8/7.4/7,70,刘邦为自己和指定队友提供2.2秒50%免伤效果，同时自身在2.2秒吟唱后传送到该队友位置。传送后刘邦会短时提升移动速度，并生成一个跟随自身的法术场，法术场为其中队友提供60/105/150双抗加成，持续6秒,80/70/60,140,红莲斗篷,影忍之足,反伤刺甲,魔女斗篷,霸者重装,贤者的庇护,鲁班七号,蔡文姬,程咬金,吕布,牛魔,夏侯惇,近程,470,17,50,158,125,3369,58,360, 突进  团控 
不知火舞,被动：使用技能后，不知火舞能够在结束时翻滚一段距离并提高移动速度.脱离战斗后第一次普通攻击将会向当前朝向释放忍蜂，造成额外的法术伤害和击退效果,不知火舞向上飞踢腾空，对范围内敌人造成550/620/690/760/830/900（+73%法术加成）点法术伤害和短暂的击飞效果；技能命中回复25点能量.,10/9.2/8.4/7.6/6.8/6,70,不知火舞扔出扇子，对命中的第一个目标造成500/590/680/770/860/950（+100%法术加成）点法术伤害并短时间内附带减少法术抗性和减速效果；技能命中回复25点能量.,4/3.6/3.2/2.8/2.4/2,40,不知火舞向前冲刺，对命中的敌人造成高额的800/1000/1200（+110%法术加成）点法术伤害和击退效果；并减少他们的攻击力持续2.5秒；技能命中回复25点能量.,25/22.5/20,110,时之预言,秘法之靴,博学者之怒,巫术法杖,冰霜法杖,贤者之书,廉颇,项羽,王昭君,鲁班七号,宫本武藏,花木兰,近程,200,50,50,170,89,3235,46,390, 法师  突进  高爆发 
