0,name,guanxi,name2
1,阿轲,相似,曹操
2,阿轲,相似,韩信
3,阿轲,相似,兰陵王
4,阿轲,相似,李白
5,阿轲,相似,李元芳
6,阿轲,相似,刘邦
7,阿轲,相似,娜可露露
8,阿轲,相似,孙悟空
9,安琪拉,相似,扁鹊
10,安琪拉,相似,妲己
11,安琪拉,相似,干将莫邪
12,安琪拉,相似,王昭君
13,安琪拉,相似,小乔
14,安琪拉,相似,张良
15,安琪拉,相似,钟馗
16,安琪拉,相似,周瑜
17,白起,相似,程咬金
18,白起,相似,典韦
19,白起,相似,铠
20,白起,相似,廉颇
21,白起,相似,刘禅
22,白起,相似,墨子
23,白起,相似,牛魔
24,白起,相似,项羽
25,白起,相似,亚瑟
26,白起,相似,张飞
27,扁鹊,相似,安琪拉
28,扁鹊,相似,妲己
29,扁鹊,相似,干将莫邪
30,扁鹊,相似,王昭君
31,扁鹊,相似,小乔
32,扁鹊,相似,张良
33,扁鹊,相似,钟馗
34,扁鹊,相似,周瑜
35,不知火舞,相似,貂蝉
36,不知火舞,相似,高渐离
37,不知火舞,相似,露娜
38,不知火舞,相似,武则天
39,不知火舞,相似,嬴政
40,不知火舞,相似,甄姬
41,不知火舞,相似,诸葛亮
42,蔡文姬,相似,大乔
43,蔡文姬,相似,鬼谷子
44,蔡文姬,相似,孙膑
45,蔡文姬,相似,太乙真人
46,蔡文姬,相似,庄周
47,曹操,相似,阿轲
48,曹操,相似,韩信
49,曹操,相似,兰陵王
50,曹操,相似,李白
51,曹操,相似,李元芳
52,曹操,相似,刘邦
53,曹操,相似,娜可露露
54,曹操,相似,孙悟空
55,成吉思汗,相似,狄仁杰
56,成吉思汗,相似,后羿
57,成吉思汗,相似,黄忠
58,成吉思汗,相似,鲁班七号
59,成吉思汗,相似,吕布
60,程咬金,相似,白起
61,程咬金,相似,典韦
62,程咬金,相似,铠
63,程咬金,相似,廉颇
64,程咬金,相似,刘禅
65,程咬金,相似,墨子
66,程咬金,相似,牛魔
67,程咬金,相似,项羽
68,程咬金,相似,亚瑟
69,程咬金,相似,张飞
70,达摩,相似,宫本武藏
71,达摩,相似,关羽
72,达摩,相似,花木兰
73,达摩,相似,橘右京
74,达摩,相似,老夫子
75,达摩,相似,刘备
76,达摩,相似,哪吒
77,达摩,相似,夏侯惇
78,达摩,相似,雅典娜
79,达摩,相似,杨戬
80,达摩,相似,赵云
81,妲己,相似,安琪拉
82,妲己,相似,扁鹊
83,妲己,相似,干将莫邪
84,妲己,相似,王昭君
85,妲己,相似,小乔
86,妲己,相似,张良
87,妲己,相似,钟馗
88,妲己,相似,周瑜
89,大乔,相似,蔡文姬
90,大乔,相似,鬼谷子
91,大乔,相似,孙膑
92,大乔,相似,太乙真人
93,大乔,相似,庄周
94,狄仁杰,相似,成吉思汗
95,狄仁杰,相似,后羿
96,狄仁杰,相似,黄忠
97,狄仁杰,相似,鲁班七号
98,狄仁杰,相似,吕布
99,典韦,相似,白起
100,典韦,相似,程咬金
101,典韦,相似,铠
102,典韦,相似,廉颇
103,典韦,相似,刘禅
104,典韦,相似,墨子
105,典韦,相似,牛魔
106,典韦,相似,项羽
107,典韦,相似,亚瑟
108,典韦,相似,张飞
109,貂蝉,相似,不知火舞
110,貂蝉,相似,高渐离
111,貂蝉,相似,露娜
112,貂蝉,相似,武则天
113,貂蝉,相似,嬴政
114,貂蝉,相似,甄姬
115,貂蝉,相似,诸葛亮
116,东皇太一,相似,芈月
117,东皇太一,相似,钟无艳
118,干将莫邪,相似,安琪拉
119,干将莫邪,相似,扁鹊
120,干将莫邪,相似,妲己
121,干将莫邪,相似,王昭君
122,干将莫邪,相似,小乔
123,干将莫邪,相似,张良
124,干将莫邪,相似,钟馗
125,干将莫邪,相似,周瑜
126,高渐离,相似,不知火舞
127,高渐离,相似,貂蝉
128,高渐离,相似,露娜
129,高渐离,相似,武则天
130,高渐离,相似,嬴政
131,高渐离,相似,甄姬
132,高渐离,相似,诸葛亮
133,宫本武藏,相似,达摩
134,宫本武藏,相似,关羽
135,宫本武藏,相似,花木兰
136,宫本武藏,相似,橘右京
137,宫本武藏,相似,老夫子
138,宫本武藏,相似,刘备
139,宫本武藏,相似,哪吒
140,宫本武藏,相似,夏侯惇
141,宫本武藏,相似,雅典娜
142,宫本武藏,相似,杨戬
143,宫本武藏,相似,赵云
144,关羽,相似,达摩
145,关羽,相似,宫本武藏
146,关羽,相似,花木兰
147,关羽,相似,橘右京
148,关羽,相似,老夫子
149,关羽,相似,刘备
150,关羽,相似,哪吒
151,关羽,相似,夏侯惇
152,关羽,相似,雅典娜
153,关羽,相似,杨戬
154,关羽,相似,赵云
155,鬼谷子,相似,蔡文姬
156,鬼谷子,相似,大乔
157,鬼谷子,相似,孙膑
158,鬼谷子,相似,太乙真人
159,鬼谷子,相似,庄周
160,韩信,相似,阿轲
161,韩信,相似,曹操
162,韩信,相似,兰陵王
163,韩信,相似,李白
164,韩信,相似,李元芳
165,韩信,相似,刘邦
166,韩信,相似,娜可露露
167,韩信,相似,孙悟空
168,后羿,相似,成吉思汗
169,后羿,相似,狄仁杰
170,后羿,相似,黄忠
171,后羿,相似,鲁班七号
172,后羿,相似,吕布
173,花木兰,相似,达摩
174,花木兰,相似,宫本武藏
175,花木兰,相似,关羽
176,花木兰,相似,橘右京
177,花木兰,相似,老夫子
178,花木兰,相似,刘备
179,花木兰,相似,哪吒
180,花木兰,相似,夏侯惇
181,花木兰,相似,雅典娜
182,花木兰,相似,杨戬
183,花木兰,相似,赵云
184,黄忠,相似,成吉思汗
185,黄忠,相似,狄仁杰
186,黄忠,相似,后羿
187,黄忠,相似,鲁班七号
188,黄忠,相似,吕布
189,姜子牙,相似,马可波罗
190,姜子牙,相似,孙尚香
191,姜子牙,相似,虞姬
192,橘右京,相似,达摩
193,橘右京,相似,宫本武藏
194,橘右京,相似,关羽
195,橘右京,相似,花木兰
196,橘右京,相似,老夫子
197,橘右京,相似,刘备
198,橘右京,相似,哪吒
199,橘右京,相似,夏侯惇
200,橘右京,相似,雅典娜
201,橘右京,相似,杨戬
202,橘右京,相似,赵云
203,铠,相似,白起
204,铠,相似,程咬金
205,铠,相似,典韦
206,铠,相似,廉颇
207,铠,相似,刘禅
208,铠,相似,墨子
209,铠,相似,牛魔
210,铠,相似,项羽
211,铠,相似,亚瑟
212,铠,相似,张飞
213,兰陵王,相似,阿轲
214,兰陵王,相似,曹操
215,兰陵王,相似,韩信
216,兰陵王,相似,李白
217,兰陵王,相似,李元芳
218,兰陵王,相似,刘邦
219,兰陵王,相似,娜可露露
220,兰陵王,相似,孙悟空
221,老夫子,相似,达摩
222,老夫子,相似,宫本武藏
223,老夫子,相似,关羽
224,老夫子,相似,花木兰
225,老夫子,相似,橘右京
226,老夫子,相似,刘备
227,老夫子,相似,哪吒
228,老夫子,相似,夏侯惇
229,老夫子,相似,雅典娜
230,老夫子,相似,杨戬
231,老夫子,相似,赵云
232,李白,相似,阿轲
233,李白,相似,曹操
234,李白,相似,韩信
235,李白,相似,兰陵王
236,李白,相似,李元芳
237,李白,相似,刘邦
238,李白,相似,娜可露露
239,李白,相似,孙悟空
240,李元芳,相似,阿轲
241,李元芳,相似,曹操
242,李元芳,相似,韩信
243,李元芳,相似,兰陵王
244,李元芳,相似,李白
245,李元芳,相似,刘邦
246,李元芳,相似,娜可露露
247,李元芳,相似,孙悟空
248,廉颇,相似,白起
249,廉颇,相似,程咬金
250,廉颇,相似,典韦
251,廉颇,相似,铠
252,廉颇,相似,刘禅
253,廉颇,相似,墨子
254,廉颇,相似,牛魔
255,廉颇,相似,项羽
256,廉颇,相似,亚瑟
257,廉颇,相似,张飞
258,刘邦,相似,阿轲
259,刘邦,相似,曹操
260,刘邦,相似,韩信
261,刘邦,相似,兰陵王
262,刘邦,相似,李白
263,刘邦,相似,李元芳
264,刘邦,相似,娜可露露
265,刘邦,相似,孙悟空
266,刘备,相似,达摩
267,刘备,相似,宫本武藏
268,刘备,相似,关羽
269,刘备,相似,花木兰
270,刘备,相似,橘右京
271,刘备,相似,老夫子
272,刘备,相似,哪吒
273,刘备,相似,夏侯惇
274,刘备,相似,雅典娜
275,刘备,相似,杨戬
276,刘备,相似,赵云
277,刘禅,相似,白起
278,刘禅,相似,程咬金
279,刘禅,相似,典韦
280,刘禅,相似,铠
281,刘禅,相似,廉颇
282,刘禅,相似,墨子
283,刘禅,相似,牛魔
284,刘禅,相似,项羽
285,刘禅,相似,亚瑟
286,刘禅,相似,张飞
287,鲁班七号,相似,成吉思汗
288,鲁班七号,相似,狄仁杰
289,鲁班七号,相似,后羿
290,鲁班七号,相似,黄忠
291,鲁班七号,相似,吕布
292,露娜,相似,不知火舞
293,露娜,相似,貂蝉
294,露娜,相似,高渐离
295,露娜,相似,武则天
296,露娜,相似,嬴政
297,露娜,相似,甄姬
298,露娜,相似,诸葛亮
299,吕布,相似,成吉思汗
300,吕布,相似,狄仁杰
301,吕布,相似,后羿
302,吕布,相似,黄忠
303,吕布,相似,鲁班七号
304,马可波罗,相似,姜子牙
305,马可波罗,相似,孙尚香
306,马可波罗,相似,虞姬
307,芈月,相似,东皇太一
308,芈月,相似,钟无艳
309,墨子,相似,白起
310,墨子,相似,程咬金
311,墨子,相似,典韦
312,墨子,相似,铠
313,墨子,相似,廉颇
314,墨子,相似,刘禅
315,墨子,相似,牛魔
316,墨子,相似,项羽
317,墨子,相似,亚瑟
318,墨子,相似,张飞
319,哪吒,相似,达摩
320,哪吒,相似,宫本武藏
321,哪吒,相似,关羽
322,哪吒,相似,花木兰
323,哪吒,相似,橘右京
324,哪吒,相似,老夫子
325,哪吒,相似,刘备
326,哪吒,相似,夏侯惇
327,哪吒,相似,雅典娜
328,哪吒,相似,杨戬
329,哪吒,相似,赵云
330,娜可露露,相似,阿轲
331,娜可露露,相似,曹操
332,娜可露露,相似,韩信
333,娜可露露,相似,兰陵王
334,娜可露露,相似,李白
335,娜可露露,相似,李元芳
336,娜可露露,相似,刘邦
337,娜可露露,相似,孙悟空
338,牛魔,相似,白起
339,牛魔,相似,程咬金
340,牛魔,相似,典韦
341,牛魔,相似,铠
342,牛魔,相似,廉颇
343,牛魔,相似,刘禅
344,牛魔,相似,墨子
345,牛魔,相似,项羽
346,牛魔,相似,亚瑟
347,牛魔,相似,张飞
348,孙膑,相似,蔡文姬
349,孙膑,相似,大乔
350,孙膑,相似,鬼谷子
351,孙膑,相似,太乙真人
352,孙膑,相似,庄周
353,孙尚香,相似,姜子牙
354,孙尚香,相似,马可波罗
355,孙尚香,相似,虞姬
356,孙悟空,相似,阿轲
357,孙悟空,相似,曹操
358,孙悟空,相似,韩信
359,孙悟空,相似,兰陵王
360,孙悟空,相似,李白
361,孙悟空,相似,李元芳
362,孙悟空,相似,刘邦
363,孙悟空,相似,娜可露露
364,太乙真人,相似,蔡文姬
365,太乙真人,相似,大乔
366,太乙真人,相似,鬼谷子
367,太乙真人,相似,孙膑
368,太乙真人,相似,庄周
369,王昭君,相似,安琪拉
370,王昭君,相似,扁鹊
371,王昭君,相似,妲己
372,王昭君,相似,干将莫邪
373,王昭君,相似,小乔
374,王昭君,相似,张良
375,王昭君,相似,钟馗
376,王昭君,相似,周瑜
377,武则天,相似,不知火舞
378,武则天,相似,貂蝉
379,武则天,相似,高渐离
380,武则天,相似,露娜
381,武则天,相似,嬴政
382,武则天,相似,甄姬
383,武则天,相似,诸葛亮
384,夏侯惇,相似,达摩
385,夏侯惇,相似,宫本武藏
386,夏侯惇,相似,关羽
387,夏侯惇,相似,花木兰
388,夏侯惇,相似,橘右京
389,夏侯惇,相似,老夫子
390,夏侯惇,相似,刘备
391,夏侯惇,相似,哪吒
392,夏侯惇,相似,雅典娜
393,夏侯惇,相似,杨戬
394,夏侯惇,相似,赵云
395,项羽,相似,白起
396,项羽,相似,程咬金
397,项羽,相似,典韦
398,项羽,相似,铠
399,项羽,相似,廉颇
400,项羽,相似,刘禅
401,项羽,相似,墨子
402,项羽,相似,牛魔
403,项羽,相似,亚瑟
404,项羽,相似,张飞
405,小乔,相似,安琪拉
406,小乔,相似,扁鹊
407,小乔,相似,妲己
408,小乔,相似,干将莫邪
409,小乔,相似,王昭君
410,小乔,相似,张良
411,小乔,相似,钟馗
412,小乔,相似,周瑜
413,雅典娜,相似,达摩
414,雅典娜,相似,宫本武藏
415,雅典娜,相似,关羽
416,雅典娜,相似,花木兰
417,雅典娜,相似,橘右京
418,雅典娜,相似,老夫子
419,雅典娜,相似,刘备
420,雅典娜,相似,哪吒
421,雅典娜,相似,夏侯惇
422,雅典娜,相似,杨戬
423,雅典娜,相似,赵云
424,亚瑟,相似,白起
425,亚瑟,相似,程咬金
426,亚瑟,相似,典韦
427,亚瑟,相似,铠
428,亚瑟,相似,廉颇
429,亚瑟,相似,刘禅
430,亚瑟,相似,墨子
431,亚瑟,相似,牛魔
432,亚瑟,相似,项羽
433,亚瑟,相似,张飞
434,杨戬,相似,达摩
435,杨戬,相似,宫本武藏
436,杨戬,相似,关羽
437,杨戬,相似,花木兰
438,杨戬,相似,橘右京
439,杨戬,相似,老夫子
440,杨戬,相似,刘备
441,杨戬,相似,哪吒
442,杨戬,相似,夏侯惇
443,杨戬,相似,雅典娜
444,杨戬,相似,赵云
445,嬴政,相似,不知火舞
446,嬴政,相似,貂蝉
447,嬴政,相似,高渐离
448,嬴政,相似,露娜
449,嬴政,相似,武则天
450,嬴政,相似,甄姬
451,嬴政,相似,诸葛亮
452,虞姬,相似,姜子牙
453,虞姬,相似,马可波罗
454,虞姬,相似,孙尚香
455,张飞,相似,白起
456,张飞,相似,程咬金
457,张飞,相似,典韦
458,张飞,相似,铠
459,张飞,相似,廉颇
460,张飞,相似,刘禅
461,张飞,相似,墨子
462,张飞,相似,牛魔
463,张飞,相似,项羽
464,张飞,相似,亚瑟
465,张良,相似,安琪拉
466,张良,相似,扁鹊
467,张良,相似,妲己
468,张良,相似,干将莫邪
469,张良,相似,王昭君
470,张良,相似,小乔
471,张良,相似,钟馗
472,张良,相似,周瑜
473,赵云,相似,达摩
474,赵云,相似,宫本武藏
475,赵云,相似,关羽
476,赵云,相似,花木兰
477,赵云,相似,橘右京
478,赵云,相似,老夫子
479,赵云,相似,刘备
480,赵云,相似,哪吒
481,赵云,相似,夏侯惇
482,赵云,相似,雅典娜
483,赵云,相似,杨戬
484,甄姬,相似,不知火舞
485,甄姬,相似,貂蝉
486,甄姬,相似,高渐离
487,甄姬,相似,露娜
488,甄姬,相似,武则天
489,甄姬,相似,嬴政
490,甄姬,相似,诸葛亮
491,钟馗,相似,安琪拉
492,钟馗,相似,扁鹊
493,钟馗,相似,妲己
494,钟馗,相似,干将莫邪
495,钟馗,相似,王昭君
496,钟馗,相似,小乔
497,钟馗,相似,张良
498,钟馗,相似,周瑜
499,钟无艳,相似,东皇太一
500,钟无艳,相似,芈月
501,周瑜,相似,安琪拉
502,周瑜,相似,扁鹊
503,周瑜,相似,妲己
504,周瑜,相似,干将莫邪
505,周瑜,相似,王昭君
506,周瑜,相似,小乔
507,周瑜,相似,张良
508,周瑜,相似,钟馗
509,诸葛亮,相似,不知火舞
510,诸葛亮,相似,貂蝉
511,诸葛亮,相似,高渐离
512,诸葛亮,相似,露娜
513,诸葛亮,相似,武则天
514,诸葛亮,相似,嬴政
515,诸葛亮,相似,甄姬
516,庄周,相似,蔡文姬
517,庄周,相似,大乔
518,庄周,相似,鬼谷子
519,庄周,相似,孙膑
520,庄周,相似,太乙真人
521,阿轲,搭配,白起
522,阿轲,搭配,宫本武藏
523,阿轲,搭配,廉颇
524,阿轲,搭配,夏侯惇
525,安琪拉,搭配,干将莫邪
526,安琪拉,搭配,韩信
527,安琪拉,搭配,项羽
528,安琪拉,搭配,甄姬
529,白起,搭配,阿轲
530,白起,搭配,扁鹊
531,白起,搭配,曹操
532,白起,搭配,貂蝉
533,白起,搭配,兰陵王
534,白起,搭配,武则天
535,白起,搭配,周瑜
536,扁鹊,搭配,白起
537,扁鹊,搭配,曹操
538,扁鹊,搭配,程咬金
539,扁鹊,搭配,韩信
540,扁鹊,搭配,赵云
541,不知火舞,搭配,廉颇
542,不知火舞,搭配,项羽
543,蔡文姬,搭配,黄忠
544,蔡文姬,搭配,刘邦
545,蔡文姬,搭配,刘备
546,蔡文姬,搭配,鲁班七号
547,蔡文姬,搭配,孙尚香
548,曹操,搭配,白起
549,曹操,搭配,扁鹊
550,曹操,搭配,张飞
551,成吉思汗,搭配,牛魔
552,成吉思汗,搭配,孙膑
553,程咬金,搭配,扁鹊
554,程咬金,搭配,王昭君
555,程咬金,搭配,诸葛亮
556,程咬金,搭配,庄周
557,达摩,搭配,典韦
558,达摩,搭配,宫本武藏
559,达摩,搭配,花木兰
560,达摩,搭配,兰陵王
561,妲己,搭配,典韦
562,妲己,搭配,老夫子
563,大乔,搭配,花木兰
564,大乔,搭配,赵云
565,狄仁杰,搭配,牛魔
566,狄仁杰,搭配,孙膑
567,狄仁杰,搭配,亚瑟
568,典韦,搭配,达摩
569,典韦,搭配,妲己
570,典韦,搭配,高渐离
571,典韦,搭配,孙尚香
572,典韦,搭配,庄周
573,貂蝉,搭配,白起
574,貂蝉,搭配,孙膑
575,东皇太一,搭配,关羽
576,东皇太一,搭配,嬴政
577,干将莫邪,搭配,安琪拉
578,干将莫邪,搭配,项羽
579,高渐离,搭配,典韦
580,高渐离,搭配,宫本武藏
581,高渐离,搭配,赵云
582,宫本武藏,搭配,阿轲
583,宫本武藏,搭配,达摩
584,宫本武藏,搭配,高渐离
585,宫本武藏,搭配,关羽
586,宫本武藏,搭配,铠
587,宫本武藏,搭配,李白
588,宫本武藏,搭配,娜可露露
589,宫本武藏,搭配,孙悟空
590,宫本武藏,搭配,小乔
591,关羽,搭配,东皇太一
592,关羽,搭配,宫本武藏
593,关羽,搭配,鲁班七号
594,鬼谷子,搭配,兰陵王
595,鬼谷子,搭配,李白
596,韩信,搭配,安琪拉
597,韩信,搭配,扁鹊
598,韩信,搭配,哪吒
599,韩信,搭配,夏侯惇
600,韩信,搭配,雅典娜
601,韩信,搭配,杨戬
602,后羿,搭配,廉颇
603,后羿,搭配,刘禅
604,花木兰,搭配,达摩
605,花木兰,搭配,大乔
606,花木兰,搭配,橘右京
607,花木兰,搭配,铠
608,花木兰,搭配,李白
609,花木兰,搭配,哪吒
610,花木兰,搭配,夏侯惇
611,花木兰,搭配,雅典娜
612,黄忠,搭配,蔡文姬
613,黄忠,搭配,项羽
614,姜子牙,搭配,廉颇
615,姜子牙,搭配,墨子
616,橘右京,搭配,花木兰
617,橘右京,搭配,孙膑
618,铠,搭配,宫本武藏
619,铠,搭配,花木兰
620,兰陵王,搭配,白起
621,兰陵王,搭配,达摩
622,兰陵王,搭配,鬼谷子
623,兰陵王,搭配,老夫子
624,兰陵王,搭配,芈月
625,老夫子,搭配,妲己
626,老夫子,搭配,兰陵王
627,老夫子,搭配,刘邦
628,老夫子,搭配,孙尚香
629,李白,搭配,宫本武藏
630,李白,搭配,鬼谷子
631,李白,搭配,花木兰
632,李白,搭配,芈月
633,李元芳,搭配,张飞
634,李元芳,搭配,钟馗
635,廉颇,搭配,阿轲
636,廉颇,搭配,不知火舞
637,廉颇,搭配,后羿
638,廉颇,搭配,姜子牙
639,廉颇,搭配,鲁班七号
640,廉颇,搭配,武则天
641,廉颇,搭配,虞姬
642,刘邦,搭配,蔡文姬
643,刘邦,搭配,老夫子
644,刘邦,搭配,鲁班七号
645,刘备,搭配,蔡文姬
646,刘禅,搭配,后羿
647,刘禅,搭配,王昭君
648,刘禅,搭配,张良
649,刘禅,搭配,甄姬
650,鲁班七号,搭配,蔡文姬
651,鲁班七号,搭配,关羽
652,鲁班七号,搭配,廉颇
653,鲁班七号,搭配,刘邦
654,鲁班七号,搭配,墨子
655,鲁班七号,搭配,牛魔
656,鲁班七号,搭配,项羽
657,鲁班七号,搭配,亚瑟
658,鲁班七号,搭配,钟无艳
659,露娜,搭配,甄姬
660,露娜,搭配,钟无艳
661,露娜,搭配,庄周
662,吕布,搭配,嬴政
663,吕布,搭配,钟馗
664,马可波罗,搭配,牛魔
665,马可波罗,搭配,孙膑
666,马可波罗,搭配,太乙真人
667,芈月,搭配,兰陵王
668,芈月,搭配,李白
669,墨子,搭配,姜子牙
670,墨子,搭配,鲁班七号
671,哪吒,搭配,韩信
672,哪吒,搭配,花木兰
673,娜可露露,搭配,宫本武藏
674,娜可露露,搭配,武则天
675,牛魔,搭配,成吉思汗
676,牛魔,搭配,狄仁杰
677,牛魔,搭配,鲁班七号
678,牛魔,搭配,马可波罗
679,牛魔,搭配,孙尚香
680,孙膑,搭配,成吉思汗
681,孙膑,搭配,狄仁杰
682,孙膑,搭配,貂蝉
683,孙膑,搭配,橘右京
684,孙膑,搭配,马可波罗
685,孙膑,搭配,张良
686,孙尚香,搭配,蔡文姬
687,孙尚香,搭配,典韦
688,孙尚香,搭配,老夫子
689,孙尚香,搭配,牛魔
690,孙尚香,搭配,太乙真人
691,孙悟空,搭配,宫本武藏
692,孙悟空,搭配,太乙真人
693,孙悟空,搭配,张飞
694,太乙真人,搭配,马可波罗
695,太乙真人,搭配,孙尚香
696,太乙真人,搭配,孙悟空
697,王昭君,搭配,程咬金
698,王昭君,搭配,刘禅
699,王昭君,搭配,武则天
700,王昭君,搭配,小乔
701,武则天,搭配,白起
702,武则天,搭配,廉颇
703,武则天,搭配,娜可露露
704,武则天,搭配,王昭君
705,武则天,搭配,项羽
706,夏侯惇,搭配,阿轲
707,夏侯惇,搭配,韩信
708,夏侯惇,搭配,花木兰
709,项羽,搭配,安琪拉
710,项羽,搭配,不知火舞
711,项羽,搭配,干将莫邪
712,项羽,搭配,黄忠
713,项羽,搭配,鲁班七号
714,项羽,搭配,武则天
715,项羽,搭配,杨戬
716,项羽,搭配,虞姬
717,项羽,搭配,周瑜
718,小乔,搭配,宫本武藏
719,小乔,搭配,王昭君
720,小乔,搭配,甄姬
721,雅典娜,搭配,韩信
722,雅典娜,搭配,花木兰
723,亚瑟,搭配,狄仁杰
724,亚瑟,搭配,鲁班七号
725,杨戬,搭配,韩信
726,杨戬,搭配,项羽
727,嬴政,搭配,东皇太一
728,嬴政,搭配,吕布
729,嬴政,搭配,钟无艳
730,虞姬,搭配,廉颇
731,虞姬,搭配,项羽
732,张飞,搭配,曹操
733,张飞,搭配,李元芳
734,张飞,搭配,孙悟空
735,张良,搭配,刘禅
736,张良,搭配,孙膑
737,赵云,搭配,扁鹊
738,赵云,搭配,大乔
739,赵云,搭配,高渐离
740,赵云,搭配,诸葛亮
741,赵云,搭配,庄周
742,甄姬,搭配,安琪拉
743,甄姬,搭配,刘禅
744,甄姬,搭配,露娜
745,甄姬,搭配,小乔
746,钟馗,搭配,李元芳
747,钟馗,搭配,吕布
748,钟无艳,搭配,鲁班七号
749,钟无艳,搭配,露娜
750,钟无艳,搭配,嬴政
751,周瑜,搭配,白起
752,周瑜,搭配,项羽
753,诸葛亮,搭配,程咬金
754,诸葛亮,搭配,赵云
755,庄周,搭配,程咬金
756,庄周,搭配,典韦
757,庄周,搭配,露娜
758,庄周,搭配,赵云
759,阿轲,克制,大乔
760,阿轲,克制,后羿
761,阿轲,克制,鲁班七号
762,阿轲,克制,嬴政
763,阿轲,克制,周瑜
764,安琪拉,克制,狄仁杰
765,安琪拉,克制,孙尚香
766,白起,克制,阿轲
767,白起,克制,赵云
768,扁鹊,克制,狄仁杰
769,扁鹊,克制,孙尚香
770,扁鹊,克制,亚瑟
771,扁鹊,克制,甄姬
772,不知火舞,克制,鲁班七号
773,不知火舞,克制,王昭君
774,蔡文姬,克制,程咬金
775,蔡文姬,克制,东皇太一
776,蔡文姬,克制,露娜
777,曹操,克制,廉颇
778,曹操,克制,吕布
779,曹操,克制,孙尚香
780,成吉思汗,克制,鲁班七号
781,成吉思汗,克制,项羽
782,程咬金,克制,韩信
783,程咬金,克制,赵云
784,程咬金,克制,庄周
785,达摩,克制,狄仁杰
786,达摩,克制,王昭君
787,达摩,克制,钟无艳
788,妲己,克制,扁鹊
789,妲己,克制,廉颇
790,妲己,克制,娜可露露
791,妲己,克制,赵云
792,妲己,克制,钟馗
793,大乔,克制,王昭君
794,大乔,克制,钟馗
795,狄仁杰,克制,白起
796,狄仁杰,克制,曹操
797,狄仁杰,克制,韩信
798,狄仁杰,克制,李元芳
799,狄仁杰,克制,刘邦
800,狄仁杰,克制,孙膑
801,狄仁杰,克制,项羽
802,典韦,克制,高渐离
803,典韦,克制,孙膑
804,典韦,克制,嬴政
805,貂蝉,克制,达摩
806,貂蝉,克制,妲己
807,貂蝉,克制,狄仁杰
808,貂蝉,克制,宫本武藏
809,貂蝉,克制,哪吒
810,貂蝉,克制,夏侯惇
811,貂蝉,克制,杨戬
812,东皇太一,克制,阿轲
813,东皇太一,克制,李白
814,东皇太一,克制,芈月
815,干将莫邪,克制,鲁班七号
816,干将莫邪,克制,虞姬
817,高渐离,克制,白起
818,高渐离,克制,刘禅
819,高渐离,克制,亚瑟
820,宫本武藏,克制,不知火舞
821,宫本武藏,克制,曹操
822,宫本武藏,克制,高渐离
823,宫本武藏,克制,后羿
824,宫本武藏,克制,兰陵王
825,宫本武藏,克制,李元芳
826,宫本武藏,克制,王昭君
827,宫本武藏,克制,甄姬
828,宫本武藏,克制,周瑜
829,关羽,克制,狄仁杰
830,关羽,克制,王昭君
831,关羽,克制,雅典娜
832,鬼谷子,克制,鲁班七号
833,鬼谷子,克制,王昭君
834,韩信,克制,蔡文姬
835,韩信,克制,大乔
836,韩信,克制,姜子牙
837,韩信,克制,鲁班七号
838,韩信,克制,武则天
839,韩信,克制,虞姬
840,后羿,克制,典韦
841,后羿,克制,貂蝉
842,后羿,克制,李白
843,后羿,克制,亚瑟
844,花木兰,克制,不知火舞
845,花木兰,克制,蔡文姬
846,花木兰,克制,成吉思汗
847,花木兰,克制,狄仁杰
848,花木兰,克制,干将莫邪
849,花木兰,克制,后羿
850,花木兰,克制,黄忠
851,花木兰,克制,兰陵王
852,花木兰,克制,鲁班七号
853,花木兰,克制,马可波罗
854,花木兰,克制,虞姬
855,花木兰,克制,张飞
856,花木兰,克制,诸葛亮
857,黄忠,克制,扁鹊
858,黄忠,克制,鲁班七号
859,姜子牙,克制,王昭君
860,姜子牙,克制,庄周
861,橘右京,克制,花木兰
862,橘右京,克制,老夫子
863,铠,克制,后羿
864,铠,克制,鲁班七号
865,兰陵王,克制,成吉思汗
866,兰陵王,克制,狄仁杰
867,兰陵王,克制,干将莫邪
868,兰陵王,克制,黄忠
869,兰陵王,克制,鲁班七号
870,兰陵王,克制,马可波罗
871,兰陵王,克制,诸葛亮
872,老夫子,克制,鲁班七号
873,老夫子,克制,小乔
874,李白,克制,刘备
875,李白,克制,武则天
876,李白,克制,甄姬
877,李元芳,克制,曹操
878,李元芳,克制,鬼谷子
879,李元芳,克制,吕布
880,廉颇,克制,程咬金
881,廉颇,克制,老夫子
882,廉颇,克制,露娜
883,廉颇,克制,张良
884,廉颇,克制,赵云
885,廉颇,克制,钟馗
886,刘邦,克制,程咬金
887,刘邦,克制,吕布
888,刘备,克制,狄仁杰
889,刘备,克制,鲁班七号
890,刘禅,克制,阿轲
891,刘禅,克制,程咬金
892,刘禅,克制,张良
893,刘禅,克制,赵云
894,鲁班七号,克制,貂蝉
895,鲁班七号,克制,橘右京
896,鲁班七号,克制,刘禅
897,鲁班七号,克制,亚瑟
898,露娜,克制,姜子牙
899,露娜,克制,太乙真人
900,露娜,克制,武则天
901,吕布,克制,狄仁杰
902,吕布,克制,李白
903,吕布,克制,娜可露露
904,吕布,克制,孙尚香
905,马可波罗,克制,鬼谷子
906,马可波罗,克制,鲁班七号
907,马可波罗,克制,项羽
908,芈月,克制,后羿
909,芈月,克制,铠
910,芈月,克制,孙悟空
911,芈月,克制,虞姬
912,墨子,克制,韩信
913,哪吒,克制,狄仁杰
914,哪吒,克制,王昭君
915,娜可露露,克制,狄仁杰
916,娜可露露,克制,甄姬
917,牛魔,克制,阿轲
918,牛魔,克制,曹操
919,牛魔,克制,东皇太一
920,牛魔,克制,花木兰
921,牛魔,克制,刘邦
922,孙膑,克制,安琪拉
923,孙膑,克制,关羽
924,孙膑,克制,老夫子
925,孙膑,克制,刘禅
926,孙膑,克制,墨子
927,孙膑,克制,雅典娜
928,孙膑,克制,亚瑟
929,孙尚香,克制,扁鹊
930,孙尚香,克制,关羽
931,孙尚香,克制,老夫子
932,孙尚香,克制,孙膑
933,孙尚香,克制,太乙真人
934,孙尚香,克制,夏侯惇
935,孙尚香,克制,杨戬
936,孙悟空,克制,干将莫邪
937,孙悟空,克制,鲁班七号
938,太乙真人,克制,阿轲
939,太乙真人,克制,韩信
940,太乙真人,克制,露娜
941,王昭君,克制,典韦
942,王昭君,克制,橘右京
943,王昭君,克制,亚瑟
944,武则天,克制,妲己
945,武则天,克制,牛魔
946,武则天,克制,王昭君
947,武则天,克制,项羽
948,武则天,克制,亚瑟
949,武则天,克制,甄姬
950,武则天,克制,钟无艳
951,夏侯惇,克制,狄仁杰
952,夏侯惇,克制,兰陵王
953,夏侯惇,克制,刘邦
954,项羽,克制,达摩
955,项羽,克制,狄仁杰
956,项羽,克制,老夫子
957,项羽,克制,刘备
958,项羽,克制,孙尚香
959,项羽,克制,孙悟空
960,项羽,克制,小乔
961,小乔,克制,扁鹊
962,小乔,克制,廉颇
963,小乔,克制,刘禅
964,小乔,克制,鲁班七号
965,小乔,克制,牛魔
966,小乔,克制,孙尚香
967,雅典娜,克制,后羿
968,雅典娜,克制,王昭君
969,亚瑟,克制,阿轲
970,亚瑟,克制,赵云
971,杨戬,克制,后羿
972,杨戬,克制,小乔
973,嬴政,克制,扁鹊
974,嬴政,克制,妲己
975,嬴政,克制,孙膑
976,嬴政,克制,项羽
977,虞姬,克制,貂蝉
978,虞姬,克制,露娜
979,张飞,克制,貂蝉
980,张飞,克制,甄姬
981,张良,克制,阿轲
982,张良,克制,典韦
983,张良,克制,露娜
984,张良,克制,芈月
985,张良,克制,哪吒
986,张良,克制,孙尚香
987,赵云,克制,高渐离
988,赵云,克制,姜子牙
989,赵云,克制,鲁班七号
990,赵云,克制,孙尚香
991,赵云,克制,王昭君
992,赵云,克制,武则天
993,赵云,克制,嬴政
994,甄姬,克制,阿轲
995,甄姬,克制,白起
996,钟馗,克制,曹操
997,钟馗,克制,宫本武藏
998,钟无艳,克制,狄仁杰
999,钟无艳,克制,韩信
1000,钟无艳,克制,孙膑
1001,钟无艳,克制,孙尚香
1002,钟无艳,克制,小乔
1003,周瑜,克制,鲁班七号
1004,诸葛亮,克制,阿轲
1005,诸葛亮,克制,花木兰
1006,诸葛亮,克制,铠
1007,诸葛亮,克制,露娜
1008,庄周,克制,安琪拉
1009,庄周,克制,典韦
1010,庄周,克制,刘禅
1011,庄周,克制,露娜
1012,庄周,克制,墨子
1013,庄周,克制,孙尚香
1014,庄周,克制,亚瑟
1015,庄周,克制,张飞
1016,暗影战斧,适合用于对抗,白起
1017,暗影战斧,适合用于对抗,程咬金
1018,暗影战斧,适合用于对抗,典韦
1019,暗影战斧,适合用于对抗,东皇太一
1020,暗影战斧,适合用于对抗,铠
1021,暗影战斧,适合用于对抗,廉颇
1022,暗影战斧,适合用于对抗,刘禅
1023,暗影战斧,适合用于对抗,芈月
1024,暗影战斧,适合用于对抗,墨子
1025,暗影战斧,适合用于对抗,牛魔
1026,暗影战斧,适合用于对抗,项羽
1027,暗影战斧,适合用于对抗,张飞
1028,暗影战斧,适合用于对抗,钟无艳
1029,暗影战斧,适合用于对抗,庄周
1030,不死鸟之眼,适合用于对抗,安琪拉
1031,不死鸟之眼,适合用于对抗,扁鹊
1032,不死鸟之眼,适合用于对抗,不知火舞
1033,不死鸟之眼,适合用于对抗,妲己
1034,不死鸟之眼,适合用于对抗,貂蝉
1035,不死鸟之眼,适合用于对抗,干将莫邪
1036,不死鸟之眼,适合用于对抗,高渐离
1037,不死鸟之眼,适合用于对抗,露娜
1038,不死鸟之眼,适合用于对抗,芈月
1039,不死鸟之眼,适合用于对抗,墨子
1040,不死鸟之眼,适合用于对抗,王昭君
1041,不死鸟之眼,适合用于对抗,武则天
1042,不死鸟之眼,适合用于对抗,小乔
1043,不死鸟之眼,适合用于对抗,嬴政
1044,不死鸟之眼,适合用于对抗,张良
1045,不死鸟之眼,适合用于对抗,甄姬
1046,不死鸟之眼,适合用于对抗,钟馗
1047,不死鸟之眼,适合用于对抗,周瑜
1048,不死鸟之眼,适合用于对抗,诸葛亮
1049,抵抗之靴,适合用于对抗,安琪拉
1050,抵抗之靴,适合用于对抗,扁鹊
1051,抵抗之靴,适合用于对抗,不知火舞
1052,抵抗之靴,适合用于对抗,妲己
1053,抵抗之靴,适合用于对抗,貂蝉
1054,抵抗之靴,适合用于对抗,东皇太一
1055,抵抗之靴,适合用于对抗,干将莫邪
1056,抵抗之靴,适合用于对抗,高渐离
1057,抵抗之靴,适合用于对抗,宫本武藏
1058,抵抗之靴,适合用于对抗,刘邦
1059,抵抗之靴,适合用于对抗,露娜
1060,抵抗之靴,适合用于对抗,芈月
1061,抵抗之靴,适合用于对抗,墨子
1062,抵抗之靴,适合用于对抗,孙膑
1063,抵抗之靴,适合用于对抗,孙悟空
1064,抵抗之靴,适合用于对抗,王昭君
1065,抵抗之靴,适合用于对抗,武则天
1066,抵抗之靴,适合用于对抗,夏侯惇
1067,抵抗之靴,适合用于对抗,项羽
1068,抵抗之靴,适合用于对抗,小乔
1069,抵抗之靴,适合用于对抗,嬴政
1070,抵抗之靴,适合用于对抗,张良
1071,抵抗之靴,适合用于对抗,赵云
1072,抵抗之靴,适合用于对抗,甄姬
1073,抵抗之靴,适合用于对抗,钟馗
1074,抵抗之靴,适合用于对抗,钟无艳
1075,抵抗之靴,适合用于对抗,周瑜
1076,抵抗之靴,适合用于对抗,诸葛亮
1077,抗魔披风,适合用于对抗,安琪拉
1078,抗魔披风,适合用于对抗,扁鹊
1079,抗魔披风,适合用于对抗,不知火舞
1080,抗魔披风,适合用于对抗,妲己
1081,抗魔披风,适合用于对抗,貂蝉
1082,抗魔披风,适合用于对抗,干将莫邪
1083,抗魔披风,适合用于对抗,高渐离
1084,抗魔披风,适合用于对抗,露娜
1085,抗魔披风,适合用于对抗,芈月
1086,抗魔披风,适合用于对抗,墨子
1087,抗魔披风,适合用于对抗,王昭君
1088,抗魔披风,适合用于对抗,武则天
1089,抗魔披风,适合用于对抗,小乔
1090,抗魔披风,适合用于对抗,嬴政
1091,抗魔披风,适合用于对抗,张良
1092,抗魔披风,适合用于对抗,甄姬
1093,抗魔披风,适合用于对抗,钟馗
1094,抗魔披风,适合用于对抗,周瑜
1095,抗魔披风,适合用于对抗,诸葛亮
1096,魅影面罩,适合用于对抗,白起
1097,魅影面罩,适合用于对抗,程咬金
1098,魅影面罩,适合用于对抗,典韦
1099,魅影面罩,适合用于对抗,东皇太一
1100,魅影面罩,适合用于对抗,铠
1101,魅影面罩,适合用于对抗,廉颇
1102,魅影面罩,适合用于对抗,刘禅
1103,魅影面罩,适合用于对抗,芈月
1104,魅影面罩,适合用于对抗,墨子
1105,魅影面罩,适合用于对抗,牛魔
1106,魅影面罩,适合用于对抗,项羽
1107,魅影面罩,适合用于对抗,张飞
1108,魅影面罩,适合用于对抗,钟无艳
1109,魅影面罩,适合用于对抗,庄周
1110,秘法之靴,适合用于对抗,白起
1111,秘法之靴,适合用于对抗,程咬金
1112,秘法之靴,适合用于对抗,典韦
1113,秘法之靴,适合用于对抗,东皇太一
1114,秘法之靴,适合用于对抗,铠
1115,秘法之靴,适合用于对抗,廉颇
1116,秘法之靴,适合用于对抗,刘禅
1117,秘法之靴,适合用于对抗,芈月
1118,秘法之靴,适合用于对抗,墨子
1119,秘法之靴,适合用于对抗,牛魔
1120,秘法之靴,适合用于对抗,项羽
1121,秘法之靴,适合用于对抗,张飞
1122,秘法之靴,适合用于对抗,钟无艳
1123,秘法之靴,适合用于对抗,庄周
1124,魔女斗篷,适合用于对抗,安琪拉
1125,魔女斗篷,适合用于对抗,扁鹊
1126,魔女斗篷,适合用于对抗,不知火舞
1127,魔女斗篷,适合用于对抗,妲己
1128,魔女斗篷,适合用于对抗,貂蝉
1129,魔女斗篷,适合用于对抗,干将莫邪
1130,魔女斗篷,适合用于对抗,高渐离
1131,魔女斗篷,适合用于对抗,露娜
1132,魔女斗篷,适合用于对抗,芈月
1133,魔女斗篷,适合用于对抗,墨子
1134,魔女斗篷,适合用于对抗,王昭君
1135,魔女斗篷,适合用于对抗,武则天
1136,魔女斗篷,适合用于对抗,小乔
1137,魔女斗篷,适合用于对抗,嬴政
1138,魔女斗篷,适合用于对抗,张良
1139,魔女斗篷,适合用于对抗,甄姬
1140,魔女斗篷,适合用于对抗,钟馗
1141,魔女斗篷,适合用于对抗,周瑜
1142,魔女斗篷,适合用于对抗,诸葛亮
1143,破甲弓,适合用于对抗,白起
1144,破甲弓,适合用于对抗,程咬金
1145,破甲弓,适合用于对抗,典韦
1146,破甲弓,适合用于对抗,东皇太一
1147,破甲弓,适合用于对抗,铠
1148,破甲弓,适合用于对抗,廉颇
1149,破甲弓,适合用于对抗,刘禅
1150,破甲弓,适合用于对抗,芈月
1151,破甲弓,适合用于对抗,墨子
1152,破甲弓,适合用于对抗,牛魔
1153,破甲弓,适合用于对抗,项羽
1154,破甲弓,适合用于对抗,张飞
1155,破甲弓,适合用于对抗,钟无艳
1156,破甲弓,适合用于对抗,庄周
1157,破碎圣杯,适合用于对抗,安琪拉
1158,破碎圣杯,适合用于对抗,扁鹊
1159,破碎圣杯,适合用于对抗,不知火舞
1160,破碎圣杯,适合用于对抗,妲己
1161,破碎圣杯,适合用于对抗,貂蝉
1162,破碎圣杯,适合用于对抗,干将莫邪
1163,破碎圣杯,适合用于对抗,高渐离
1164,破碎圣杯,适合用于对抗,露娜
1165,破碎圣杯,适合用于对抗,芈月
1166,破碎圣杯,适合用于对抗,墨子
1167,破碎圣杯,适合用于对抗,王昭君
1168,破碎圣杯,适合用于对抗,武则天
1169,破碎圣杯,适合用于对抗,小乔
1170,破碎圣杯,适合用于对抗,嬴政
1171,破碎圣杯,适合用于对抗,张良
1172,破碎圣杯,适合用于对抗,甄姬
1173,破碎圣杯,适合用于对抗,钟馗
1174,破碎圣杯,适合用于对抗,周瑜
1175,破碎圣杯,适合用于对抗,诸葛亮
1176,神隐斗篷,适合用于对抗,安琪拉
1177,神隐斗篷,适合用于对抗,扁鹊
1178,神隐斗篷,适合用于对抗,不知火舞
1179,神隐斗篷,适合用于对抗,妲己
1180,神隐斗篷,适合用于对抗,貂蝉
1181,神隐斗篷,适合用于对抗,干将莫邪
1182,神隐斗篷,适合用于对抗,高渐离
1183,神隐斗篷,适合用于对抗,露娜
1184,神隐斗篷,适合用于对抗,芈月
1185,神隐斗篷,适合用于对抗,墨子
1186,神隐斗篷,适合用于对抗,王昭君
1187,神隐斗篷,适合用于对抗,武则天
1188,神隐斗篷,适合用于对抗,小乔
1189,神隐斗篷,适合用于对抗,嬴政
1190,神隐斗篷,适合用于对抗,张良
1191,神隐斗篷,适合用于对抗,甄姬
1192,神隐斗篷,适合用于对抗,钟馗
1193,神隐斗篷,适合用于对抗,周瑜
1194,神隐斗篷,适合用于对抗,诸葛亮
1195,圣杯,适合用于对抗,安琪拉
1196,圣杯,适合用于对抗,扁鹊
1197,圣杯,适合用于对抗,不知火舞
1198,圣杯,适合用于对抗,妲己
1199,圣杯,适合用于对抗,貂蝉
1200,圣杯,适合用于对抗,干将莫邪
1201,圣杯,适合用于对抗,高渐离
1202,圣杯,适合用于对抗,露娜
1203,圣杯,适合用于对抗,芈月
1204,圣杯,适合用于对抗,墨子
1205,圣杯,适合用于对抗,王昭君
1206,圣杯,适合用于对抗,武则天
1207,圣杯,适合用于对抗,小乔
1208,圣杯,适合用于对抗,嬴政
1209,圣杯,适合用于对抗,张良
1210,圣杯,适合用于对抗,甄姬
1211,圣杯,适合用于对抗,钟馗
1212,圣杯,适合用于对抗,周瑜
1213,圣杯,适合用于对抗,诸葛亮
1214,痛苦面具,适合用于对抗,白起
1215,痛苦面具,适合用于对抗,程咬金
1216,痛苦面具,适合用于对抗,典韦
1217,痛苦面具,适合用于对抗,东皇太一
1218,痛苦面具,适合用于对抗,铠
1219,痛苦面具,适合用于对抗,廉颇
1220,痛苦面具,适合用于对抗,刘禅
1221,痛苦面具,适合用于对抗,芈月
1222,痛苦面具,适合用于对抗,墨子
1223,痛苦面具,适合用于对抗,牛魔
1224,痛苦面具,适合用于对抗,项羽
1225,痛苦面具,适合用于对抗,张飞
1226,痛苦面具,适合用于对抗,钟无艳
1227,痛苦面具,适合用于对抗,庄周
1228,贤者的庇护,适合用于对抗,安琪拉
1229,贤者的庇护,适合用于对抗,扁鹊
1230,贤者的庇护,适合用于对抗,不知火舞
1231,贤者的庇护,适合用于对抗,妲己
1232,贤者的庇护,适合用于对抗,貂蝉
1233,贤者的庇护,适合用于对抗,干将莫邪
1234,贤者的庇护,适合用于对抗,高渐离
1235,贤者的庇护,适合用于对抗,露娜
1236,贤者的庇护,适合用于对抗,芈月
1237,贤者的庇护,适合用于对抗,墨子
1238,贤者的庇护,适合用于对抗,王昭君
1239,贤者的庇护,适合用于对抗,武则天
1240,贤者的庇护,适合用于对抗,小乔
1241,贤者的庇护,适合用于对抗,嬴政
1242,贤者的庇护,适合用于对抗,张良
1243,贤者的庇护,适合用于对抗,甄姬
1244,贤者的庇护,适合用于对抗,钟馗
1245,贤者的庇护,适合用于对抗,周瑜
1246,贤者的庇护,适合用于对抗,诸葛亮
1247,虚无法杖,适合用于对抗,白起
1248,虚无法杖,适合用于对抗,程咬金
1249,虚无法杖,适合用于对抗,典韦
1250,虚无法杖,适合用于对抗,东皇太一
1251,虚无法杖,适合用于对抗,铠
1252,虚无法杖,适合用于对抗,廉颇
1253,虚无法杖,适合用于对抗,刘禅
1254,虚无法杖,适合用于对抗,芈月
1255,虚无法杖,适合用于对抗,墨子
1256,虚无法杖,适合用于对抗,牛魔
1257,虚无法杖,适合用于对抗,项羽
1258,虚无法杖,适合用于对抗,张飞
1259,虚无法杖,适合用于对抗,钟无艳
1260,虚无法杖,适合用于对抗,庄周
1261,陨星,适合用于对抗,白起
1262,陨星,适合用于对抗,程咬金
1263,陨星,适合用于对抗,典韦
1264,陨星,适合用于对抗,东皇太一
1265,陨星,适合用于对抗,铠
1266,陨星,适合用于对抗,廉颇
1267,陨星,适合用于对抗,刘禅
1268,陨星,适合用于对抗,芈月
1269,陨星,适合用于对抗,墨子
1270,陨星,适合用于对抗,牛魔
1271,陨星,适合用于对抗,项羽
1272,陨星,适合用于对抗,张飞
1273,陨星,适合用于对抗,钟无艳
1274,陨星,适合用于对抗,庄周
1275,暗影战斧,同类互斥,日冕
1276,暗影战斧,同类互斥,贤者之书
1277,暗影战斧,同类互斥,陨星
1278,奔狼纹章,同类互斥,风灵纹章
1279,奔狼纹章,同类互斥,风之轻语
1280,奔狼纹章,同类互斥,凤鸣指环
1281,奔狼纹章,同类互斥,鼓舞之盾
1282,奔狼纹章,同类互斥,极影
1283,奔狼纹章,同类互斥,近卫荣耀
1284,奔狼纹章,同类互斥,救赎之翼
1285,奔狼纹章,同类互斥,学识宝石
1286,冰痕之握,同类互斥,符文大剑
1287,冰痕之握,同类互斥,光辉之剑
1288,冰痕之握,同类互斥,巫术法杖
1289,冰痕之握,同类互斥,宗师之力
1290,不祥征兆,同类互斥,守护者之铠
1291,炽热支配者,同类互斥,圣杯
1292,纯净苍穹,同类互斥,速击之枪
1293,风灵纹章,同类互斥,奔狼纹章
1294,风灵纹章,同类互斥,风之轻语
1295,风灵纹章,同类互斥,凤鸣指环
1296,风灵纹章,同类互斥,鼓舞之盾
1297,风灵纹章,同类互斥,极影
1298,风灵纹章,同类互斥,近卫荣耀
1299,风灵纹章,同类互斥,救赎之翼
1300,风灵纹章,同类互斥,学识宝石
1301,风之轻语,同类互斥,奔狼纹章
1302,风之轻语,同类互斥,风灵纹章
1303,风之轻语,同类互斥,凤鸣指环
1304,风之轻语,同类互斥,鼓舞之盾
1305,风之轻语,同类互斥,极影
1306,风之轻语,同类互斥,近卫荣耀
1307,风之轻语,同类互斥,救赎之翼
1308,风之轻语,同类互斥,学识宝石
1309,凤鸣指环,同类互斥,奔狼纹章
1310,凤鸣指环,同类互斥,风灵纹章
1311,凤鸣指环,同类互斥,风之轻语
1312,凤鸣指环,同类互斥,鼓舞之盾
1313,凤鸣指环,同类互斥,极影
1314,凤鸣指环,同类互斥,近卫荣耀
1315,凤鸣指环,同类互斥,救赎之翼
1316,凤鸣指环,同类互斥,学识宝石
1317,符文大剑,同类互斥,冰痕之握
1318,符文大剑,同类互斥,光辉之剑
1319,符文大剑,同类互斥,巨人之握
1320,符文大剑,同类互斥,狩猎宽刃
1321,符文大剑,同类互斥,贪婪之噬
1322,符文大剑,同类互斥,巫术法杖
1323,符文大剑,同类互斥,巡守利斧
1324,符文大剑,同类互斥,游击弯刀
1325,符文大剑,同类互斥,追击刀锋
1326,符文大剑,同类互斥,宗师之力
1327,鼓舞之盾,同类互斥,奔狼纹章
1328,鼓舞之盾,同类互斥,风灵纹章
1329,鼓舞之盾,同类互斥,风之轻语
1330,鼓舞之盾,同类互斥,凤鸣指环
1331,鼓舞之盾,同类互斥,极影
1332,鼓舞之盾,同类互斥,近卫荣耀
1333,鼓舞之盾,同类互斥,救赎之翼
1334,鼓舞之盾,同类互斥,学识宝石
1335,光辉之剑,同类互斥,冰痕之握
1336,光辉之剑,同类互斥,符文大剑
1337,光辉之剑,同类互斥,巫术法杖
1338,光辉之剑,同类互斥,宗师之力
1339,红莲斗篷,同类互斥,巨人之握
1340,红莲斗篷,同类互斥,熔炼之心
1341,极影,同类互斥,奔狼纹章
1342,极影,同类互斥,风灵纹章
1343,极影,同类互斥,风之轻语
1344,极影,同类互斥,凤鸣指环
1345,极影,同类互斥,鼓舞之盾
1346,极影,同类互斥,近卫荣耀
1347,极影,同类互斥,救赎之翼
1348,极影,同类互斥,学识宝石
1349,进化水晶,同类互斥,时之预言
1350,近卫荣耀,同类互斥,奔狼纹章
1351,近卫荣耀,同类互斥,风灵纹章
1352,近卫荣耀,同类互斥,风之轻语
1353,近卫荣耀,同类互斥,凤鸣指环
1354,近卫荣耀,同类互斥,鼓舞之盾
1355,近卫荣耀,同类互斥,极影
1356,近卫荣耀,同类互斥,救赎之翼
1357,近卫荣耀,同类互斥,学识宝石
1358,救赎之翼,同类互斥,奔狼纹章
1359,救赎之翼,同类互斥,风灵纹章
1360,救赎之翼,同类互斥,风之轻语
1361,救赎之翼,同类互斥,凤鸣指环
1362,救赎之翼,同类互斥,鼓舞之盾
1363,救赎之翼,同类互斥,极影
1364,救赎之翼,同类互斥,近卫荣耀
1365,救赎之翼,同类互斥,学识宝石
1366,巨人之握,同类互斥,符文大剑
1367,巨人之握,同类互斥,红莲斗篷
1368,巨人之握,同类互斥,熔炼之心
1369,巨人之握,同类互斥,狩猎宽刃
1370,巨人之握,同类互斥,贪婪之噬
1371,巨人之握,同类互斥,巡守利斧
1372,巨人之握,同类互斥,游击弯刀
1373,巨人之握,同类互斥,追击刀锋
1374,梦魇之牙,同类互斥,制裁之刃
1375,日冕,同类互斥,暗影战斧
1376,日冕,同类互斥,贤者之书
1377,熔炼之心,同类互斥,红莲斗篷
1378,熔炼之心,同类互斥,巨人之握
1379,圣杯,同类互斥,炽热支配者
1380,时之预言,同类互斥,进化水晶
1381,噬神之书,同类互斥,血族之书
1382,守护者之铠,同类互斥,不祥征兆
1383,狩猎宽刃,同类互斥,符文大剑
1384,狩猎宽刃,同类互斥,巨人之握
1385,狩猎宽刃,同类互斥,贪婪之噬
1386,狩猎宽刃,同类互斥,巡守利斧
1387,狩猎宽刃,同类互斥,游击弯刀
1388,狩猎宽刃,同类互斥,追击刀锋
1389,速击之枪,同类互斥,纯净苍穹
1390,贪婪之噬,同类互斥,符文大剑
1391,贪婪之噬,同类互斥,巨人之握
1392,贪婪之噬,同类互斥,狩猎宽刃
1393,贪婪之噬,同类互斥,巡守利斧
1394,贪婪之噬,同类互斥,游击弯刀
1395,贪婪之噬,同类互斥,追击刀锋
1396,巫术法杖,同类互斥,冰痕之握
1397,巫术法杖,同类互斥,符文大剑
1398,巫术法杖,同类互斥,光辉之剑
1399,巫术法杖,同类互斥,宗师之力
1400,贤者之书,同类互斥,暗影战斧
1401,贤者之书,同类互斥,日冕
1402,学识宝石,同类互斥,奔狼纹章
1403,学识宝石,同类互斥,风灵纹章
1404,学识宝石,同类互斥,风之轻语
1405,学识宝石,同类互斥,凤鸣指环
1406,学识宝石,同类互斥,鼓舞之盾
1407,学识宝石,同类互斥,极影
1408,学识宝石,同类互斥,近卫荣耀
1409,学识宝石,同类互斥,救赎之翼
1410,血族之书,同类互斥,噬神之书
1411,巡守利斧,同类互斥,符文大剑
1412,巡守利斧,同类互斥,巨人之握
1413,巡守利斧,同类互斥,狩猎宽刃
1414,巡守利斧,同类互斥,贪婪之噬
1415,巡守利斧,同类互斥,游击弯刀
1416,巡守利斧,同类互斥,追击刀锋
1417,游击弯刀,同类互斥,符文大剑
1418,游击弯刀,同类互斥,巨人之握
1419,游击弯刀,同类互斥,狩猎宽刃
1420,游击弯刀,同类互斥,贪婪之噬
1421,游击弯刀,同类互斥,巡守利斧
1422,游击弯刀,同类互斥,追击刀锋
1423,陨星,同类互斥,暗影战斧
1424,制裁之刃,同类互斥,梦魇之牙
1425,追击刀锋,同类互斥,符文大剑
1426,追击刀锋,同类互斥,巨人之握
1427,追击刀锋,同类互斥,狩猎宽刃
1428,追击刀锋,同类互斥,贪婪之噬
1429,追击刀锋,同类互斥,巡守利斧
1430,追击刀锋,同类互斥,游击弯刀
1431,宗师之力,同类互斥,冰痕之握
1432,宗师之力,同类互斥,符文大剑
1433,宗师之力,同类互斥,光辉之剑
1434,宗师之力,同类互斥,巫术法杖
1435,阿轲,推荐,暴烈之甲
1436,阿轲,推荐,红莲斗篷
1437,阿轲,推荐,闪电匕首
1438,阿轲,推荐,无尽战刃
1439,阿轲,推荐,贤者的庇护
1440,阿轲,推荐,影忍之足
1441,安琪拉,推荐,冰霜法杖
1442,安琪拉,推荐,博学者之怒
1443,安琪拉,推荐,秘法之靴
1444,安琪拉,推荐,时之预言
1445,安琪拉,推荐,巫术法杖
1446,安琪拉,推荐,贤者之书
1447,白起,推荐,暴烈之甲
1448,白起,推荐,不死鸟之眼
1449,白起,推荐,红莲斗篷
1450,白起,推荐,疾步之靴
1451,白起,推荐,贤者的庇护
1452,白起,推荐,血魔之怒
1453,扁鹊,推荐,冰霜法杖
1454,扁鹊,推荐,博学者之怒
1455,扁鹊,推荐,回响之杖
1456,扁鹊,推荐,秘法之靴
1457,扁鹊,推荐,痛苦面具
1458,扁鹊,推荐,虚无法杖
1459,不知火舞,推荐,冰霜法杖
1460,不知火舞,推荐,博学者之怒
1461,不知火舞,推荐,秘法之靴
1462,不知火舞,推荐,时之预言
1463,不知火舞,推荐,巫术法杖
1464,不知火舞,推荐,贤者之书
1465,蔡文姬,推荐,极寒风暴
1466,蔡文姬,推荐,近卫荣耀
1467,蔡文姬,推荐,冷静之靴
1468,蔡文姬,推荐,梦魇之牙
1469,蔡文姬,推荐,圣杯
1470,蔡文姬,推荐,贤者之书
1471,曹操,推荐,暗影战斧
1472,曹操,推荐,不死鸟之眼
1473,曹操,推荐,抵抗之靴
1474,曹操,推荐,末世
1475,曹操,推荐,贪婪之噬
1476,曹操,推荐,无尽战刃
1477,成吉思汗,推荐,急速战靴
1478,成吉思汗,推荐,破甲弓
1479,成吉思汗,推荐,泣血之刃
1480,成吉思汗,推荐,闪电匕首
1481,成吉思汗,推荐,无尽战刃
1482,成吉思汗,推荐,影刃
1483,程咬金,推荐,暗影战斧
1484,程咬金,推荐,暴烈之甲
1485,程咬金,推荐,不死鸟之眼
1486,程咬金,推荐,破军
1487,程咬金,推荐,贤者的庇护
1488,程咬金,推荐,影忍之足
1489,达摩,推荐,暗影战斧
1490,达摩,推荐,暴烈之甲
1491,达摩,推荐,反伤刺甲
1492,达摩,推荐,末世
1493,达摩,推荐,影忍之足
1494,达摩,推荐,宗师之力
1495,妲己,推荐,博学者之怒
1496,妲己,推荐,回响之杖
1497,妲己,推荐,秘法之靴
1498,妲己,推荐,圣杯
1499,妲己,推荐,贤者之书
1500,妲己,推荐,虚无法杖
1501,大乔,推荐,奔狼纹章
1502,大乔,推荐,冰痕之握
1503,大乔,推荐,疾步之靴
1504,大乔,推荐,圣杯
1505,大乔,推荐,痛苦面具
1506,大乔,推荐,贤者之书
1507,狄仁杰,推荐,急速战靴
1508,狄仁杰,推荐,破甲弓
1509,狄仁杰,推荐,泣血之刃
1510,狄仁杰,推荐,闪电匕首
1511,狄仁杰,推荐,无尽战刃
1512,狄仁杰,推荐,影刃
1513,典韦,推荐,霸者重装
1514,典韦,推荐,暴烈之甲
1515,典韦,推荐,反伤刺甲
1516,典韦,推荐,红莲斗篷
1517,典韦,推荐,血魔之怒
1518,典韦,推荐,影忍之足
1519,貂蝉,推荐,冰霜法杖
1520,貂蝉,推荐,博学者之怒
1521,貂蝉,推荐,回响之杖
1522,貂蝉,推荐,冷静之靴
1523,貂蝉,推荐,圣杯
1524,貂蝉,推荐,贤者之书
1525,东皇太一,推荐,冰霜法杖
1526,东皇太一,推荐,不死鸟之眼
1527,东皇太一,推荐,抵抗之靴
1528,东皇太一,推荐,极寒风暴
1529,东皇太一,推荐,痛苦面具
1530,东皇太一,推荐,贤者的庇护
1531,干将莫邪,推荐,极寒风暴
1532,干将莫邪,推荐,近卫荣耀
1533,干将莫邪,推荐,冷静之靴
1534,干将莫邪,推荐,梦魇之牙
1535,干将莫邪,推荐,圣杯
1536,干将莫邪,推荐,贤者之书
1537,高渐离,推荐,冰霜法杖
1538,高渐离,推荐,博学者之怒
1539,高渐离,推荐,回响之杖
1540,高渐离,推荐,秘法之靴
1541,高渐离,推荐,贤者之书
1542,高渐离,推荐,血族之书
1543,宫本武藏,推荐,暗影战斧
1544,宫本武藏,推荐,暴烈之甲
1545,宫本武藏,推荐,反伤刺甲
1546,宫本武藏,推荐,闪电匕首
1547,宫本武藏,推荐,影忍之足
1548,宫本武藏,推荐,宗师之力
1549,关羽,推荐,暗影战斧
1550,关羽,推荐,冰痕之握
1551,关羽,推荐,不死鸟之眼
1552,关羽,推荐,不祥征兆
1553,关羽,推荐,抵抗之靴
1554,关羽,推荐,反伤刺甲
1555,鬼谷子,推荐,冰痕之握
1556,鬼谷子,推荐,冰霜法杖
1557,鬼谷子,推荐,不死鸟之眼
1558,鬼谷子,推荐,痛苦面具
1559,鬼谷子,推荐,虚无法杖
1560,鬼谷子,推荐,影忍之足
1561,韩信,推荐,暗影战斧
1562,韩信,推荐,冷静之靴
1563,韩信,推荐,破军
1564,韩信,推荐,无尽战刃
1565,韩信,推荐,贤者的庇护
1566,韩信,推荐,追击刀锋
1567,后羿,推荐,急速战靴
1568,后羿,推荐,末世
1569,后羿,推荐,破甲弓
1570,后羿,推荐,闪电匕首
1571,后羿,推荐,无尽战刃
1572,后羿,推荐,影刃
1573,花木兰,推荐,暗影战斧
1574,花木兰,推荐,抵抗之靴
1575,花木兰,推荐,破甲弓
1576,花木兰,推荐,泣血之刃
1577,花木兰,推荐,无尽战刃
1578,花木兰,推荐,贤者的庇护
1579,黄忠,推荐,急速战靴
1580,黄忠,推荐,破甲弓
1581,黄忠,推荐,泣血之刃
1582,黄忠,推荐,闪电匕首
1583,黄忠,推荐,无尽战刃
1584,黄忠,推荐,影刃
1585,姜子牙,推荐,博学者之怒
1586,姜子牙,推荐,回响之杖
1587,姜子牙,推荐,冷静之靴
1588,姜子牙,推荐,圣杯
1589,姜子牙,推荐,贤者之书
1590,姜子牙,推荐,虚无法杖
1591,橘右京,推荐,暗影战斧
1592,橘右京,推荐,抵抗之靴
1593,橘右京,推荐,破甲弓
1594,橘右京,推荐,泣血之刃
1595,橘右京,推荐,贤者的庇护
1596,橘右京,推荐,宗师之力
1597,铠,推荐,暗影战斧
1598,铠,推荐,暴烈之甲
1599,铠,推荐,反伤刺甲
1600,铠,推荐,破军
1601,铠,推荐,影忍之足
1602,铠,推荐,宗师之力
1603,兰陵王,推荐,抵抗之靴
1604,兰陵王,推荐,破甲弓
1605,兰陵王,推荐,破军
1606,兰陵王,推荐,泣血之刃
1607,兰陵王,推荐,无尽战刃
1608,兰陵王,推荐,贤者的庇护
1609,老夫子,推荐,暗影战斧
1610,老夫子,推荐,暴烈之甲
1611,老夫子,推荐,反伤刺甲
1612,老夫子,推荐,闪电匕首
1613,老夫子,推荐,影忍之足
1614,老夫子,推荐,宗师之力
1615,李白,推荐,暗影战斧
1616,李白,推荐,霸者重装
1617,李白,推荐,抵抗之靴
1618,李白,推荐,末世
1619,李白,推荐,破军
1620,李白,推荐,泣血之刃
1621,李元芳,推荐,暗影战斧
1622,李元芳,推荐,急速战靴
1623,李元芳,推荐,破甲弓
1624,李元芳,推荐,破军
1625,李元芳,推荐,泣血之刃
1626,李元芳,推荐,闪电匕首
1627,廉颇,推荐,暴烈之甲
1628,廉颇,推荐,冰霜长矛
1629,廉颇,推荐,不死鸟之眼
1630,廉颇,推荐,红莲斗篷
1631,廉颇,推荐,冷静之靴
1632,廉颇,推荐,破军
1633,刘邦,推荐,霸者重装
1634,刘邦,推荐,反伤刺甲
1635,刘邦,推荐,红莲斗篷
1636,刘邦,推荐,魔女斗篷
1637,刘邦,推荐,贤者的庇护
1638,刘邦,推荐,影忍之足
1639,刘备,推荐,暗影战斧
1640,刘备,推荐,冰痕之握
1641,刘备,推荐,不死鸟之眼
1642,刘备,推荐,反伤刺甲
1643,刘备,推荐,泣血之刃
1644,刘备,推荐,影忍之足
1645,刘禅,推荐,霸者重装
1646,刘禅,推荐,暴烈之甲
1647,刘禅,推荐,不死鸟之眼
1648,刘禅,推荐,抵抗之靴
1649,刘禅,推荐,反伤刺甲
1650,刘禅,推荐,红莲斗篷
1651,鲁班七号,推荐,急速战靴
1652,鲁班七号,推荐,末世
1653,鲁班七号,推荐,破甲弓
1654,鲁班七号,推荐,破军
1655,鲁班七号,推荐,泣血之刃
1656,鲁班七号,推荐,无尽战刃
1657,露娜,推荐,冰霜法杖
1658,露娜,推荐,博学者之怒
1659,露娜,推荐,秘法之靴
1660,露娜,推荐,时之预言
1661,露娜,推荐,巫术法杖
1662,露娜,推荐,贤者之书
1663,吕布,推荐,暗影战斧
1664,吕布,推荐,暴烈之甲
1665,吕布,推荐,不死鸟之眼
1666,吕布,推荐,冷静之靴
1667,吕布,推荐,破军
1668,吕布,推荐,血魔之怒
1669,马可波罗,推荐,急速战靴
1670,马可波罗,推荐,破甲弓
1671,马可波罗,推荐,泣血之刃
1672,马可波罗,推荐,闪电匕首
1673,马可波罗,推荐,无尽战刃
1674,马可波罗,推荐,影刃
1675,芈月,推荐,冰霜法杖
1676,芈月,推荐,不死鸟之眼
1677,芈月,推荐,不祥征兆
1678,芈月,推荐,噬神之书
1679,芈月,推荐,贤者的庇护
1680,芈月,推荐,影忍之足
1681,墨子,推荐,冰霜法杖
1682,墨子,推荐,博学者之怒
1683,墨子,推荐,回响之杖
1684,墨子,推荐,冷静之靴
1685,墨子,推荐,痛苦面具
1686,墨子,推荐,贤者之书
1687,哪吒,推荐,暗影战斧
1688,哪吒,推荐,不祥征兆
1689,哪吒,推荐,抵抗之靴
1690,哪吒,推荐,红莲斗篷
1691,哪吒,推荐,魔女斗篷
1692,哪吒,推荐,贤者的庇护
1693,娜可露露,推荐,暗影战斧
1694,娜可露露,推荐,抵抗之靴
1695,娜可露露,推荐,破甲弓
1696,娜可露露,推荐,破军
1697,娜可露露,推荐,泣血之刃
1698,娜可露露,推荐,无尽战刃
1699,牛魔,推荐,霸者重装
1700,牛魔,推荐,不死鸟之眼
1701,牛魔,推荐,红莲斗篷
1702,牛魔,推荐,近卫荣耀
1703,牛魔,推荐,闪电匕首
1704,牛魔,推荐,影忍之足
1705,孙膑,推荐,冰霜法杖
1706,孙膑,推荐,回响之杖
1707,孙膑,推荐,近卫荣耀
1708,孙膑,推荐,冷静之靴
1709,孙膑,推荐,圣杯
1710,孙膑,推荐,痛苦面具
1711,孙尚香,推荐,急速战靴
1712,孙尚香,推荐,末世
1713,孙尚香,推荐,破甲弓
1714,孙尚香,推荐,泣血之刃
1715,孙尚香,推荐,闪电匕首
1716,孙尚香,推荐,无尽战刃
1717,孙悟空,推荐,暗影战斧
1718,孙悟空,推荐,泣血之刃
1719,孙悟空,推荐,无尽战刃
1720,孙悟空,推荐,贤者的庇护
1721,孙悟空,推荐,影忍之足
1722,孙悟空,推荐,宗师之力
1723,太乙真人,推荐,极寒风暴
1724,太乙真人,推荐,近卫荣耀
1725,太乙真人,推荐,冷静之靴
1726,太乙真人,推荐,梦魇之牙
1727,太乙真人,推荐,圣杯
1728,太乙真人,推荐,贤者之书
1729,王昭君,推荐,博学者之怒
1730,王昭君,推荐,回响之杖
1731,王昭君,推荐,冷静之靴
1732,王昭君,推荐,圣杯
1733,王昭君,推荐,贤者之书
1734,王昭君,推荐,虚无法杖
1735,武则天,推荐,博学者之怒
1736,武则天,推荐,回响之杖
1737,武则天,推荐,冷静之靴
1738,武则天,推荐,圣杯
1739,武则天,推荐,痛苦面具
1740,武则天,推荐,贤者之书
1741,夏侯惇,推荐,暗影战斧
1742,夏侯惇,推荐,暴烈之甲
1743,夏侯惇,推荐,不祥征兆
1744,夏侯惇,推荐,冷静之靴
1745,夏侯惇,推荐,破甲弓
1746,夏侯惇,推荐,泣血之刃
1747,项羽,推荐,不死鸟之眼
1748,项羽,推荐,抵抗之靴
1749,项羽,推荐,红莲斗篷
1750,项羽,推荐,极寒风暴
1751,项羽,推荐,近卫荣耀
1752,项羽,推荐,破军
1753,小乔,推荐,博学者之怒
1754,小乔,推荐,回响之杖
1755,小乔,推荐,秘法之靴
1756,小乔,推荐,圣杯
1757,小乔,推荐,贤者之书
1758,小乔,推荐,虚无法杖
1759,雅典娜,推荐,暗影战斧
1760,雅典娜,推荐,暴烈之甲
1761,雅典娜,推荐,冰霜长矛
1762,雅典娜,推荐,不死鸟之眼
1763,雅典娜,推荐,影忍之足
1764,雅典娜,推荐,宗师之力
1765,亚瑟,推荐,暗影战斧
1766,亚瑟,推荐,不祥征兆
1767,亚瑟,推荐,抵抗之靴
1768,亚瑟,推荐,红莲斗篷
1769,亚瑟,推荐,破军
1770,亚瑟,推荐,贤者的庇护
1771,杨戬,推荐,暴烈之甲
1772,杨戬,推荐,不死鸟之眼
1773,杨戬,推荐,抵抗之靴
1774,杨戬,推荐,红莲斗篷
1775,杨戬,推荐,破军
1776,杨戬,推荐,宗师之力
1777,嬴政,推荐,博学者之怒
1778,嬴政,推荐,回响之杖
1779,嬴政,推荐,秘法之靴
1780,嬴政,推荐,痛苦面具
1781,嬴政,推荐,贤者之书
1782,嬴政,推荐,虚无法杖
1783,虞姬,推荐,急速战靴
1784,虞姬,推荐,破甲弓
1785,虞姬,推荐,泣血之刃
1786,虞姬,推荐,闪电匕首
1787,虞姬,推荐,无尽战刃
1788,虞姬,推荐,影刃
1789,张飞,推荐,暗影战斧
1790,张飞,推荐,暴烈之甲
1791,张飞,推荐,不死鸟之眼
1792,张飞,推荐,抵抗之靴
1793,张飞,推荐,红莲斗篷
1794,张飞,推荐,血魔之怒
1795,张良,推荐,冰霜法杖
1796,张良,推荐,博学者之怒
1797,张良,推荐,回响之杖
1798,张良,推荐,秘法之靴
1799,张良,推荐,痛苦面具
1800,张良,推荐,贤者之书
1801,赵云,推荐,暗影战斧
1802,赵云,推荐,暴烈之甲
1803,赵云,推荐,不死鸟之眼
1804,赵云,推荐,抵抗之靴
1805,赵云,推荐,破军
1806,赵云,推荐,贪婪之噬
1807,甄姬,推荐,冰霜法杖
1808,甄姬,推荐,博学者之怒
1809,甄姬,推荐,回响之杖
1810,甄姬,推荐,秘法之靴
1811,甄姬,推荐,圣杯
1812,甄姬,推荐,虚无法杖
1813,钟馗,推荐,博学者之怒
1814,钟馗,推荐,回响之杖
1815,钟馗,推荐,极寒风暴
1816,钟馗,推荐,时之预言
1817,钟馗,推荐,贤者之书
1818,钟馗,推荐,影忍之足
1819,钟无艳,推荐,暗影战斧
1820,钟无艳,推荐,抵抗之靴
1821,钟无艳,推荐,红莲斗篷
1822,钟无艳,推荐,极寒风暴
1823,钟无艳,推荐,近卫荣耀
1824,钟无艳,推荐,贤者的庇护
1825,周瑜,推荐,冰霜法杖
1826,周瑜,推荐,博学者之怒
1827,周瑜,推荐,回响之杖
1828,周瑜,推荐,秘法之靴
1829,周瑜,推荐,痛苦面具
1830,周瑜,推荐,贤者之书
1831,诸葛亮,推荐,冰霜法杖
1832,诸葛亮,推荐,博学者之怒
1833,诸葛亮,推荐,回响之杖
1834,诸葛亮,推荐,秘法之靴
1835,诸葛亮,推荐,噬神之书
1836,诸葛亮,推荐,贤者之书
1837,庄周,推荐,冰霜法杖
1838,庄周,推荐,红莲斗篷
1839,庄周,推荐,近卫荣耀
1840,庄周,推荐,冷静之靴
1841,庄周,推荐,时之预言
1842,庄周,推荐,痛苦面具
