CreatedTime,Title,Publication,MatchedAbstract,PageURL
2018-08-06,监管政策提振信用债市场预期,金融界,而随着近期一系列政策的出台，业内人士认为这个问题会有所缓和，未来中低等级债也会有一定投资机会。某券商资管固定收益投资经理表示，目前 ...,/url?q=http://bond.jrj.com.cn/2018/08/07014624912896.shtml&sa=U&ved=0ahUKEwiA-Z67x5zdAhXGa7wKHbsnBAM4ChCpAghCKAAwCw&usg=AOvVaw1aK9e7kF75CkVtaVWXpXBv
2018-08-06,监管政策提振信用债市场预期,金融界,而随着近期一系列政策的出台，业内人士认为这个问题会有所缓和，未来中低等级债也会有一定投资机会。某券商资管固定收益投资经理表示，目前 ...,/url?q=http://bond.jrj.com.cn/2018/08/07014624912896.shtml&sa=U&ved=0ahUKEwiR-9S_x5zdAhWYdt4KHYawATc4FBCpAggXKAAwAQ&usg=AOvVaw1wZPNtAc2VVy6lhdMFaC7_
2018-08-08,中国债市动态：现券收益率上行期货明显下跌，通胀高于预期打压情绪,路透,路透北京8月9日- 中国银行间债市周四早盘现券收益率上行，国债期货明显下跌。交易员表示，7月居民消费价格指数（CPI）涨幅高于预期并创四个月 ...,/url?q=https://cn.reuters.com/article/%25E4%25B8%25AD%25E5%259B%25BD%25E5%2580%25BA%25E5%25B8%2582%25E5%258A%25A8%25E6%2580%2581%25EF%25BC%259A%25E7%258E%25B0%25E5%2588%25B8%25E6%2594%25B6%25E7%259B%258A%25E7%258E%2587%25E4%25B8%258A%25E8%25A1%258C%25E6%259C%259F%25E8%25B4%25A7%25E6%2598%258E%25E6%2598%25BE%25E4%25B8%258B%25E8%25B7%258C%25EF%25BC%258C%25E9%2580%259A%25E8%2583%2580%25E9%25AB%2598%25E4%25BA%258E%25E9%25A2%2584%25E6%259C%259F%25E6%2589%2593%25E5%258E%258B%25E6%2583%2585%25E7%25BB%25AA-idCNL4S1V0229&sa=U&ved=0ahUKEwiR-9S_x5zdAhWYdt4KHYawATc4FBCpAghGKAAwEA&usg=AOvVaw2uSqMn4pj4D3xCLnKHU7kX
2018-08-08,海通债券姜超：股市大幅降温继续看好债券市场,金融界,利率债：预期收益率仍将小幅下行。利率债市场情绪相对乐观，多数预期收益率会稳中有降。1）十年国债：45%的受访者认为其会小幅下行 ...,/url?q=http://stock.jrj.com.cn/invest/2018/08/09084924929044.shtml&sa=U&ved=0ahUKEwiA-Z67x5zdAhXGa7wKHbsnBAM4ChCpAggUKAAwAA&usg=AOvVaw27BP3-8Flb5zWcwHUFW-jo
2018-08-08,海通债券姜超：股市大幅降温继续看好债券市场,金融界,利率债：预期收益率仍将小幅下行。利率债市场情绪相对乐观，多数预期收益率会稳中有降。1）十年国债：45%的受访者认为其会小幅下行 ...,/url?q=http://stock.jrj.com.cn/invest/2018/08/09084924929044.shtml&sa=U&ved=0ahUKEwiA0-q2x5zdAhXSZt4KHR_1DZ0QqQIIOigAMAo&usg=AOvVaw2pJc2I3lrxAI-oliBEtqPV
2018-08-09,基本面改善短期压制债市收益率仍有反弹压力,新浪网,受通胀数据高于预期影响，8月9日，债券市场再现大跌，10年期国债期货四连阴，10年期国开债活跃券收益率一度上行5BP。分析人士指出，近期公布 ...,/url?q=http://finance.sina.com.cn/money/bond/market/2018-08-10/doc-ihhnunsq4191341.shtml&sa=U&ved=0ahUKEwiA-Z67x5zdAhXGa7wKHbsnBAM4ChCpAgg_KAAwCg&usg=AOvVaw0AWyPQKIqPKBOMgj5laNoV
2018-08-09,基本面改善短期压制债市收益率仍有反弹压力,新浪网,受通胀数据高于预期影响，8月9日，债券市场再现大跌，10年期国债期货四连阴，10年期国开债活跃券收益率一度上行5BP。分析人士指出，近期公布 ...,/url?q=http://finance.sina.com.cn/money/bond/market/2018-08-10/doc-ihhnunsq4191341.shtml&sa=U&ved=0ahUKEwiR-9S_x5zdAhWYdt4KHYawATc4FBCpAggUKAAwAA&usg=AOvVaw2Fr8VY22jnKvtHqn3frPRc
2018-08-14,宽信用未捂热利率债已冒“冷汗”,新浪网,具有风向标意义的长期利率债收益率率先反弹，打破了先前震荡下行的走势 ... 从宽货币转向宽信用，信用扩张的进度逐渐成为影响基本面预期和债市 ...,/url?q=http://finance.sina.com.cn/money/bond/2018-08-15/doc-ihhtfwqr2476715.shtml&sa=U&ved=0ahUKEwiA-Z67x5zdAhXGa7wKHbsnBAM4ChCpAgg0KAAwCA&usg=AOvVaw2ppwU_0vTQZMTd1izrXrll
2018-08-14,宽信用未捂热利率债已冒“冷汗”,新浪网,具有风向标意义的长期利率债收益率率先反弹，打破了先前震荡下行的走势 ... 从宽货币转向宽信用，信用扩张的进度逐渐成为影响基本面预期和债市 ...,/url?q=http://finance.sina.com.cn/money/bond/2018-08-15/doc-ihhtfwqr2476715.shtml&sa=U&ved=0ahUKEwiA0-q2x5zdAhXSZt4KHR_1DZ0QqQIIWigAMBI&usg=AOvVaw0m00pqjT6TUUAi95yIVq9Y
2018-08-14,2年期国债期货即将上市解锁收益率曲线交易策略,经济参考报,针对收益率波动引致不同债券估值相对变化的多空组合即是蝶式交易，蝶 ... 预期收益率并不高，预计2年期国债期货的市场关注重点仍在于10年-2年 ...,/url?q=http://jjckb.xinhuanet.com/2018-08/15/c_137392228.htm&sa=U&ved=0ahUKEwiR-9S_x5zdAhWYdt4KHYawATc4FBCpAgg6KAAwDA&usg=AOvVaw1W0i_CKJqi0L38VRTK_rSY
2018-08-19,申万宏源：通胀预期及汇率担忧下债市的多空博弈,新浪网,本周利率债展望：多空博弈，继续关注通胀预期及汇率问题 ... 全年来看，我们继续维持对于债市的判断：2018年全年债券收益率波动呈U型（右侧高点 ...,/url?q=http://finance.sina.com.cn/money/bond/research/2018-08-20/doc-ihhxaafy7817516.shtml&sa=U&ved=0ahUKEwiR-9S_x5zdAhWYdt4KHYawATc4FBCpAgg9KAAwDQ&usg=AOvVaw3CLp9vXK71xv65RBYpF5Vr
2018-08-20,地方债风险权重有望调降至零或迎来大利好,金融界,目前，人民币兑美元汇率波动影响利率走向，尚不能确定利率债收益走向仅是受地方债挤出预期影响。地方债风险权重降低除直接利好地方债外，还 ...,/url?q=http://bond.jrj.com.cn/2018/08/21080024978947.shtml&sa=U&ved=0ahUKEwiA-Z67x5zdAhXGa7wKHbsnBAM4ChCpAghZKAAwEg&usg=AOvVaw1AKrik7Qc2wFf2n-CRWw1P
2018-08-20,地方债风险权重有望调降至零或迎来大利好,金融界,目前，人民币兑美元汇率波动影响利率走向，尚不能确定利率债收益走向仅是受地方债挤出预期影响。地方债风险权重降低除直接利好地方债外，还 ...,/url?q=http://bond.jrj.com.cn/2018/08/21080024978947.shtml&sa=U&ved=0ahUKEwiR-9S_x5zdAhWYdt4KHYawATc4FBCpAgguKAAwCA&usg=AOvVaw2bP6gy5Pc0d4iNcUYorqlQ
2018-08-21,“双杀”难续股起债落露苗头,金融界,机构分析称，根据经典的美林投资时钟理论，股债齐跌，反映滞胀预期， ... 性的中债10年期国债收益率从3.46%上行至3.65%，上行幅度达19BP；中 ...,/url?q=http://bond.jrj.com.cn/2018/08/22031324983631.shtml&sa=U&ved=0ahUKEwiR-9S_x5zdAhWYdt4KHYawATc4FBCpAggpKAAwBw&usg=AOvVaw2TYykN4WmtjQ3HRZ8nMnpQ
2018-08-21,“双杀”难续股起债落露苗头,金融界,机构分析称，根据经典的美林投资时钟理论，股债齐跌，反映滞胀预期， ... 性的中债10年期国债收益率从3.46%上行至3.65%，上行幅度达19BP；中 ...,/url?q=http://bond.jrj.com.cn/2018/08/22031324983631.shtml&sa=U&ved=0ahUKEwiA-Z67x5zdAhXGa7wKHbsnBAM4ChCpAghUKAAwEQ&usg=AOvVaw1aSdMGQH2YtpQ4bSZvJx1h
2018-08-22,国债期货套利策略（I）：蝶式交易,华尔街见闻,蝶式交易策略的构建原理为：在预期未来收益率变凸的情况下——即中期利率相对于长短期利率升幅更大或降幅更小时，中期债券价值则相对降低。,/url?q=https://wallstreetcn.com/articles/3393345&sa=U&ved=0ahUKEwiA0-q2x5zdAhXSZt4KHR_1DZ0QqQIIVSgAMBA&usg=AOvVaw13EcqQae-uyBVf_k_Dv1Tr
2018-08-22,国债期货套利策略（I）：蝶式交易,华尔街见闻,蝶式交易策略的构建原理为：在预期未来收益率变凸的情况下——即中期利率相对于长短期利率升幅更大或降幅更小时，中期债券价值则相对降低。,/url?q=https://wallstreetcn.com/articles/3393345&sa=U&ved=0ahUKEwiA-Z67x5zdAhXGa7wKHbsnBAM4ChCpAggvKAAwBg&usg=AOvVaw3BzrvSrPBSI3-WZN9apjd-
2018-08-23,隐忧不少利率债遇考验,金融界,此前两个多月，“宽货币”刺激中国债市持续走牛，10年期国债收益率 ... 者情绪逐渐稳定，加之超预期零售数据给予市场信心，美债收益率探底回升。,/url?q=http://bond.jrj.com.cn/2018/08/24050624994024.shtml&sa=U&ved=0ahUKEwiA0-q2x5zdAhXSZt4KHR_1DZ0QqQIIXygAMBM&usg=AOvVaw3MVDwh8hx7epLjOnqbsXu3
2018-08-23,隐忧不少利率债遇考验,金融界,此前两个多月，“宽货币”刺激中国债市持续走牛，10年期国债收益率 ... 者情绪逐渐稳定，加之超预期零售数据给予市场信心，美债收益率探底回升。,/url?q=http://bond.jrj.com.cn/2018/08/24050624994024.shtml&sa=U&ved=0ahUKEwiA-Z67x5zdAhXGa7wKHbsnBAM4ChCpAgg5KAAwCQ&usg=AOvVaw1EviMj1FOEx-mxOK5eCQc-
2018-08-24,对接委外大资金需求鹏华、银华上报定期开放型中短债基金,经济观察网,彼时正是股市陷入低迷时期，这只基金立即成为当时市场爆款，然而，一年后随着大牛市的到来以及货币基金崛起，而中短债基金的收益却低于预期， ...,/url?q=http://www.eeo.com.cn/2018/0825/335530.shtml&sa=U&ved=0ahUKEwiA-Z67x5zdAhXGa7wKHbsnBAM4ChCpAghcKAAwEw&usg=AOvVaw17RUivq3BHcqbuk8lTCJv9
2018-08-24,对接委外大资金需求鹏华、银华上报定期开放型中短债基金,经济观察网,彼时正是股市陷入低迷时期，这只基金立即成为当时市场爆款，然而，一年后随着大牛市的到来以及货币基金崛起，而中短债基金的收益却低于预期， ...,/url?q=http://www.eeo.com.cn/2018/0825/335530.shtml&sa=U&ved=0ahUKEwiR-9S_x5zdAhWYdt4KHYawATc4FBCpAggxKAAwCQ&usg=AOvVaw0_o7HDpxoUDJbwsx5LNo6c
2018-08-27,地方债密集发行：市场利率或上行央行可能MLF或降准,金融界,最后，地方债密集发行，刺激宽财政预期，影响经济增长预期，进而可能推高债市收益率。这在8月中旬以来债市收益率上行过程中已有所体现。,/url?q=http://bond.jrj.com.cn/2018/08/27090825003269.shtml&sa=U&ved=0ahUKEwiA-Z67x5zdAhXGa7wKHbsnBAM4ChCpAghRKAAwEA&usg=AOvVaw2DUrJhWknA0FHsb0JX__-a
2018-08-27,地方债密集发行：市场利率或上行央行可能MLF或降准,金融界,最后，地方债密集发行，刺激宽财政预期，影响经济增长预期，进而可能推高债市收益率。这在8月中旬以来债市收益率上行过程中已有所体现。,/url?q=http://bond.jrj.com.cn/2018/08/27090825003269.shtml&sa=U&ved=0ahUKEwiR-9S_x5zdAhWYdt4KHYawATc4FBCpAggmKAAwBg&usg=AOvVaw22I6kyH-rD-cMQ0jjMQ9g3
2018-08-28,"美联储报告质疑收益率曲线倒挂""这次不同以往""的观点",新浪网,他们扣除掉对期限溢价的估计后，得到一个“仅仅是预期”的长短期国债收益率 ... 他们认为，由于美联储在危机时代采取的债券购买计划，长期收益率 ...,/url?q=http://finance.sina.com.cn/stock/usstock/c/2018-08-28/doc-ihiixyeu0421725.shtml&sa=U&ved=0ahUKEwiR-9S_x5zdAhWYdt4KHYawATc4FBCpAgg0KAAwCg&usg=AOvVaw1USjVci_RbVHZH1jEt8-p8
2018-08-28,《中国债市每日综述》国债期现货率先回暖，但持续转强动力仍不足,路透,不过交易员并认为，地方债供给压力、通胀预期升温等制约因素还在，现 ... 上海一银行交易员表示，今日国债表现明显好于金融债，10年国债收益率 ...,/url?q=https://cn.reuters.com/article/%25E3%2580%258A%25E4%25B8%25AD%25E5%259B%25BD%25E5%2580%25BA%25E5%25B8%2582%25E6%25AF%258F%25E6%2597%25A5%25E7%25BB%25BC%25E8%25BF%25B0%25E3%2580%258B%25E5%259B%25BD%25E5%2580%25BA%25E6%259C%259F%25E7%258E%25B0%25E8%25B4%25A7%25E7%258E%2587%25E5%2585%2588%25E5%259B%259E%25E6%259A%2596%25EF%25BC%258C%25E4%25BD%2586%25E6%258C%2581%25E7%25BB%25AD%25E8%25BD%25AC%25E5%25BC%25BA%25E5%258A%25A8%25E5%258A%259B%25E4%25BB%258D%25E4%25B8%258D%25E8%25B6%25B3-idCNL3S1VJ3F8&sa=U&ved=0ahUKEwiR-9S_x5zdAhWYdt4KHYawATc4FBCpAghAKAAwDg&usg=AOvVaw0IFmoGYToKipz7mNGJHkrV
2018-08-28,【利率债周报】中美两国期限利差演变展望,新浪网,近期，中美国债期限利差呈现不同走势，美国国债收益率曲线利率中枢 ... 政治不稳定的情况下油价上行，都会抬升通胀预期，使美债的长期收益率在 ...,/url?q=http://finance.sina.com.cn/stock/stockzmt/2018-08-28/doc-ihiixzkm1880030.shtml&sa=U&ved=0ahUKEwiR-9S_x5zdAhWYdt4KHYawATc4FBCpAghJKAAwEQ&usg=AOvVaw2SFDRcxrE3EqI9pnfzS33H
2018-08-29,债基收益领跑市场，仍有赎回压力,新浪网,不过，近期债券市场收益率下行趋势逐渐减弱转为震荡调整，与此同时， ... 由于近期权益类市场表现未达预期，货币基金七日年化收益率不断下调， ...,/url?q=http://finance.sina.com.cn/money/fund/fundzmt/2018-08-29/doc-ihikcahf6193951.shtml&sa=U&ved=0ahUKEwiA-Z67x5zdAhXGa7wKHbsnBAM4ChCpAgggKAAwAw&usg=AOvVaw0zmTLCQCErveGqwfk8fCiF
2018-08-29,债基收益领跑市场，仍有赎回压力,新浪网,不过，近期债券市场收益率下行趋势逐渐减弱转为震荡调整，与此同时， ... 由于近期权益类市场表现未达预期，货币基金七日年化收益率不断下调， ...,/url?q=http://finance.sina.com.cn/money/fund/fundzmt/2018-08-29/doc-ihikcahf6193951.shtml&sa=U&ved=0ahUKEwiA0-q2x5zdAhXSZt4KHR_1DZ0QqQIIRigAMA0&usg=AOvVaw1ZDc05Mxl1tPsv3szwf3CN
2018-08-29,保险巨头投资能力比拼收益率多下降仅太平微涨,新浪网,保险巨头投资能力比拼收益率多下降仅太平微涨 ... 复杂，中国经济平稳运行，在金融业防风险、去杠杆的背景下，货币政策保持稳健，资管新规等监管政策的出台，对市场预期产生较大影响。债券收益率较大波动，A股市场震荡下跌。,/url?q=http://finance.sina.com.cn/money/insurance/bxdt/2018-08-29/doc-ihikcahe9820870.shtml&sa=U&ved=0ahUKEwiA-Z67x5zdAhXGa7wKHbsnBAM4ChCpAghIKAAwDQ&usg=AOvVaw3MmZ0yDGyUWzKXUJ8Asb-d
2018-08-29,保险巨头投资能力比拼收益率多下降仅太平微涨,新浪网,保险巨头投资能力比拼收益率多下降仅太平微涨 ... 复杂，中国经济平稳运行，在金融业防风险、去杠杆的背景下，货币政策保持稳健，资管新规等监管政策的出台，对市场预期产生较大影响。债券收益率较大波动，A股市场震荡下跌。,/url?q=http://finance.sina.com.cn/money/insurance/bxdt/2018-08-29/doc-ihikcahe9820870.shtml&sa=U&ved=0ahUKEwiR-9S_x5zdAhWYdt4KHYawATc4FBCpAggdKAAwAw&usg=AOvVaw3CAvj2R3W_YdJ9ckwYSwrk
2018-08-30,城投债主基调：强化？分化！,金融界,7月下旬以来，随着市场对城投债再融资预期的悲观情绪舒缓，城投债上演 ... 再观察无风险债券走势，5年期国开债收益率从今年1月下旬就转入了 ...,/url?q=http://bond.jrj.com.cn/2018/08/30020925022528.shtml&sa=U&ved=0ahUKEwiA-Z67x5zdAhXGa7wKHbsnBAM4ChCpAggoKAAwBQ&usg=AOvVaw2bjzn0tEzMYrSB14ROSEkD
2018-08-30,城投债主基调：强化？分化！,金融界,7月下旬以来，随着市场对城投债再融资预期的悲观情绪舒缓，城投债上演 ... 再观察无风险债券走势，5年期国开债收益率从今年1月下旬就转入了 ...,/url?q=http://bond.jrj.com.cn/2018/08/30020925022528.shtml&sa=U&ved=0ahUKEwiA0-q2x5zdAhXSZt4KHR_1DZ0QqQIITigAMA8&usg=AOvVaw0rHTgcyxxxH2VWOhfu9AQA
2018-08-30,达里奥眼中的风险平价和全天候,华尔街见闻,风险平价意味着通过调整资产的预期风险和收益率，让风险和收益的性价比更 ... 而且这么做还会降低你的预期收益率，因为债券收益率要比股票低。,/url?q=https://wallstreetcn.com/articles/3398264&sa=U&ved=0ahUKEwiA0-q2x5zdAhXSZt4KHR_1DZ0QqQIIJCgAMAQ&usg=AOvVaw3nVJeO0Pi8eGHpcJK_nJ7e
2018-08-30,债券缺乏趋势性行情多样化交易策略盈利受制,经济参考报,受地方债步入密集发行期、基建投资提升通胀预期等因素影响，中长期限债券收益率进入窄幅震荡的“垃圾时间”：缺乏趋势性行情，也鲜有突出的操作 ...,/url?q=http://jjckb.xinhuanet.com/2018-08/30/c_137430856.htm&sa=U&ved=0ahUKEwiA0-q2x5zdAhXSZt4KHR_1DZ0QqQIIIigAMAM&usg=AOvVaw2nOy63Vv6BTwsccUkmDbXG
2018-08-30,从供给侧增强专项债券发行速率与效能,金融界,由此，为了提高专项债券的发行速度与发行效率，地方政府加快学习并锤炼出 .... 除了首次发行专项债券时披露项目概况、项目预期收益和融资平衡 ...,/url?q=http://bond.jrj.com.cn/2018/08/30104025024340.shtml&sa=U&ved=0ahUKEwiA0-q2x5zdAhXSZt4KHR_1DZ0QqQIIJygAMAU&usg=AOvVaw3M22j0bKaUepKoARQ5kmm2
2018-08-31,英镑深V反转当真畅行无阻？指标背后的风险信号若隐若现,新浪网,英国两年和十年的国债收益率之间的差距最近开始急剧扩大。 ... 上行，预计可能达到3%远高于2%的平均水平，长期国债收益率更反映通胀预期。 ... 长期债券收益率陡化的信号是一国有政治、经济风险，所以需要更多风险溢价来去 ...,/url?q=http://finance.sina.com.cn/money/forex/hbfx/2018-08-31/doc-ihiixyeu1762483.shtml&sa=U&ved=0ahUKEwiR-9S_x5zdAhWYdt4KHYawATc4FBCpAggaKAAwAg&usg=AOvVaw2fPft_MSKlCIgZ16Vq-nTw
2018-08-31,可转债：“褪色”的转股价下修博弈,金融界,以往低迷市道下，博弈转股价下修是增强收益的利器，近期下修案例 .... 下修幅度不及预期、或下修预案未获得通过都可能造成预期差，引起转债价格 ...,/url?q=http://bond.jrj.com.cn/2018/08/31015825027814.shtml&sa=U&ved=0ahUKEwiA-Z67x5zdAhXGa7wKHbsnBAM4ChCpAggdKAAwAg&usg=AOvVaw2tBhpNwmyaMq0g-_P7Kk0c
2018-08-31,《中国债市每日综述》PMI较好但期现货仍偏强震荡，地方债发行需求火热,路透,官方PMI数据好于预期，但对债市影响微弱* 期货收盘后现券止盈盘增多，收益率回吐跌幅* 地方债今日发行逾千亿，但需求火热* 短期多空因素仍 ...,/url?q=https://cn.reuters.com/article/%25E3%2580%258A%25E4%25B8%25AD%25E5%259B%25BD%25E5%2580%25BA%25E5%25B8%2582%25E6%25AF%258F%25E6%2597%25A5%25E7%25BB%25BC%25E8%25BF%25B0%25E3%2580%258BPMI%25E8%25BE%2583%25E5%25A5%25BD%25E4%25BD%2586%25E6%259C%259F%25E7%258E%25B0%25E8%25B4%25A7%25E4%25BB%258D%25E5%2581%258F%25E5%25BC%25BA%25E9%259C%2587%25E8%258D%25A1%25EF%25BC%258C%25E5%259C%25B0%25E6%2596%25B9%25E5%2580%25BA%25E5%258F%2591%25E8%25A1%258C%25E9%259C%2580%25E6%25B1%2582%25E7%2581%25AB%25E7%2583%25AD-idCNL3S1VM43R&sa=U&ved=0ahUKEwiA-Z67x5zdAhXGa7wKHbsnBAM4ChCpAggyKAAwBw&usg=AOvVaw3WwRNQTcYjEfB01pEMyJHp
2018-08-31,《中国债市每日综述》PMI较好但期现货仍偏强震荡，地方债发行需求火热,路透,官方PMI数据好于预期，但对债市影响微弱* 期货收盘后现券止盈盘增多，收益率回吐跌幅* 地方债今日发行逾千亿，但需求火热* 短期多空因素仍 ...,/url?q=https://cn.reuters.com/article/%25E3%2580%258A%25E4%25B8%25AD%25E5%259B%25BD%25E5%2580%25BA%25E5%25B8%2582%25E6%25AF%258F%25E6%2597%25A5%25E7%25BB%25BC%25E8%25BF%25B0%25E3%2580%258BPMI%25E8%25BE%2583%25E5%25A5%25BD%25E4%25BD%2586%25E6%259C%259F%25E7%258E%25B0%25E8%25B4%25A7%25E4%25BB%258D%25E5%2581%258F%25E5%25BC%25BA%25E9%259C%2587%25E8%258D%25A1%25EF%25BC%258C%25E5%259C%25B0%25E6%2596%25B9%25E5%2580%25BA%25E5%258F%2591%25E8%25A1%258C%25E9%259C%2580%25E6%25B1%2582%25E7%2581%25AB%25E7%2583%25AD-idCNL3S1VM43R&sa=U&ved=0ahUKEwiA0-q2x5zdAhXSZt4KHR_1DZ0QqQIIWCgAMBE&usg=AOvVaw0zckieY-2eaEafv3DxjFtA
2018-08-31,可转债：“褪色”的转股价下修博弈,金融界,以往低迷市道下，博弈转股价下修是增强收益的利器，近期下修案例 .... 下修幅度不及预期、或下修预案未获得通过都可能造成预期差，引起转债价格 ...,/url?q=http://bond.jrj.com.cn/2018/08/31015825027814.shtml&sa=U&ved=0ahUKEwiA0-q2x5zdAhXSZt4KHR_1DZ0QqQIIQygAMAw&usg=AOvVaw3tZT0lTXCa1tL3ZTBUfdkJ
2018-08-31,期现联袂走强债市情绪回暖,新浪网,因市场预期8月PMI回落、资金面延续宽松，周四（8月30日）债券市场 ... 银行间现券市场同步走强，主要收益率尾盘明显回落，其中10年期国开债活跃 ...,/url?q=http://finance.sina.com.cn/money/bond/market/2018-08-31/doc-ihiixzkm2715075.shtml&sa=U&ved=0ahUKEwiA0-q2x5zdAhXSZt4KHR_1DZ0QqQIIGygAMAI&usg=AOvVaw2O5Cba7_bRvsgHwyS5oJq9
2018-08-31,英镑深V反转当真畅行无阻？指标背后的风险信号若隐若现,新浪网,英国两年和十年的国债收益率之间的差距最近开始急剧扩大。 ... 上行，预计可能达到3%远高于2%的平均水平，长期国债收益率更反映通胀预期。 ... 长期债券收益率陡化的信号是一国有政治、经济风险，所以需要更多风险溢价来去 ...,/url?q=http://finance.sina.com.cn/money/forex/hbfx/2018-08-31/doc-ihiixyeu1762483.shtml&sa=U&ved=0ahUKEwiA-Z67x5zdAhXGa7wKHbsnBAM4ChCpAghFKAAwDA&usg=AOvVaw3qZa7ztYHPcXmIZ2O-ch85
2018-09-01,贸易紧张局势升级，澳元续跌创20个月最低位,新浪网,从基本面来看，近期澳大利亚公布的多项经济数据不及预期，澳大利亚政府债券期货价格大幅走高，澳大利亚经济前景不佳，国债收益率明显下降， ...,/url?q=http://finance.sina.com.cn/money/forex/hbfx/2018-09-01/doc-ihiixyeu1907863.shtml&sa=U&ved=0ahUKEwiR-9S_x5zdAhWYdt4KHYawATc4FBCpAgg3KAAwCw&usg=AOvVaw0jn0XKweGCp5hKPiRiUDcd
2018-09-01,【兴业研究】广义通胀预期在启动初期,搜狐,权益和债券资产价格波动很大程度上以通胀预期为中枢。 ... 我们可以看到狭义通胀CPI与上证指数、10年期国债收益率呈现出明显的同涨同跌的现象 ...,/url?q=http://www.sohu.com/a/251298588_313170&sa=U&ved=0ahUKEwiR-9S_x5zdAhWYdt4KHYawATc4FBCpAghDKAAwDw&usg=AOvVaw20LSKR_IpXwVaE6TdIsQkX
2018-09-01,海通证券8月基金表现回顾：A股震荡下跌债市回调,新浪网,但随后披露的外贸及通胀数据均好于预期，以及市场担忧新一轮的强刺激对于经济的 ... 8月货币基金平均年化收益率为3.23%，较上月继续回落。,/url?q=http://finance.sina.com.cn/stock/stockzmt/2018-09-01/doc-ihiixzkm3364651.shtml&sa=U&ved=0ahUKEwiR-9S_x5zdAhWYdt4KHYawATc4FBCpAggjKAAwBQ&usg=AOvVaw1_lb1_DUpVMqJs0zyI1VeI
2018-09-01,特朗普税改后遗症，3000亿美元的资金缺口让他和美联储互怼,每日经济新闻,由于科技公司购买较长期债券的频率较低，短期公司债券收益率的增长速度明显快于长期公司债券 ... 通用汽车和家电巨头惠而浦相继下调业绩预期。,/url?q=http://www.nbd.com.cn/articles/2018-09-01/1251194.html&sa=U&ved=0ahUKEwiR-9S_x5zdAhWYdt4KHYawATc4FBCpAghPKAAwEw&usg=AOvVaw0Fw8nddTl5cKLoD-TH58E7
2018-09-01,海通证券8月基金表现回顾：A股震荡下跌债市回调,新浪网,但随后披露的外贸及通胀数据均好于预期，以及市场担忧新一轮的强刺激对于经济的 ... 8月货币基金平均年化收益率为3.23%，较上月继续回落。,/url?q=http://finance.sina.com.cn/stock/stockzmt/2018-09-01/doc-ihiixzkm3364651.shtml&sa=U&ved=0ahUKEwiA-Z67x5zdAhXGa7wKHbsnBAM4ChCpAghOKAAwDw&usg=AOvVaw1GsRAI4TuOAihHIlRHqru2
2018-09-01,【美债收盘】全球贸易摩擦重新浮现美债收益率下跌,外汇宝,【美债收盘】全球贸易摩擦重新浮现美债收益率下跌 ... 美国8月份消费者信心指数小幅上升，超过了经济学家预期的小幅下滑。8月密歇根大学指数 ...,/url?q=https://news.fx168.com/bond/us/1809/2652524.shtml&sa=U&ved=0ahUKEwiA-Z67x5zdAhXGa7wKHbsnBAM4ChCpAgglKAAwBA&usg=AOvVaw0AXjHm6RZzM2OD0Xu5Vjuh
2018-09-01,【美债收盘】全球贸易摩擦重新浮现美债收益率下跌,外汇宝,【美债收盘】全球贸易摩擦重新浮现美债收益率下跌 ... 美国8月份消费者信心指数小幅上升，超过了经济学家预期的小幅下滑。8月密歇根大学指数 ...,/url?q=https://news.fx168.com/bond/us/1809/2652524.shtml&sa=U&ved=0ahUKEwiA0-q2x5zdAhXSZt4KHR_1DZ0QqQIISygAMA4&usg=AOvVaw0uiyp-_AUi5YQYpMZXDmUB
2018-09-01,债市：中场休息等待经济信号,金融界,超越市场预期的“六师国资公司债券风险事件”对AA信用利差影响甚微，反映 ... 李连山：在大类资产角度，目前债券市场尤其是利率债收益率大幅下行 ...,/url?q=http://bond.jrj.com.cn/2018/09/01033525034322.shtml&sa=U&ved=0ahUKEwiA0-q2x5zdAhXSZt4KHR_1DZ0QqQIINSgAMAk&usg=AOvVaw0-eqqAc7R6KSvDRjcZZDUm
2018-09-01,融通债券基金经理王超：债市调整或提供二次上车机会,金融界,融通债券基金经理王超认为，目前投资者对各种悲观的因素反应过度，担心通胀 ... 此外，资金面比预期宽松很多，导致债券市场收益率大幅下行。,/url?q=http://fund.jrj.com.cn/2018/08/31090825029828.shtml&sa=U&ved=0ahUKEwiA0-q2x5zdAhXSZt4KHR_1DZ0QqQIIFigAMAE&usg=AOvVaw0duJfdgUAbieqkLG6jEuL5
2018-09-02,这个南亚最强市场，或许正面临做空良机……,新浪网,Kulhalli认为，之前印度债券收益率持续走高是因为市场的供给不平衡，现在印度央行 ... 并且不出意外的话，印度的核心通胀会低于印度央行的预期。,/url?q=http://finance.sina.com.cn/stock/usstock/c/2018-09-02/doc-ihiixyeu2366344.shtml&sa=U&ved=0ahUKEwiA-Z67x5zdAhXGa7wKHbsnBAM4ChCpAghLKAAwDg&usg=AOvVaw2vim87XkyjCPNxo1TFzGvw
2018-09-02,信贷规模会再一次井喷？,中国经济网,8000亿元专项债突袭，基建投资增长预期再起。 ... 根本原因在于信贷“量”与“价”之间的关系，即信贷规模的扩张能否弥补息差收窄对收益带来的影响。,/url?q=http://finance.ce.cn/bank12/scroll/201809/02/t20180902_30184213.shtml&sa=U&ved=0ahUKEwiR-9S_x5zdAhWYdt4KHYawATc4FBCpAghMKAAwEg&usg=AOvVaw3LeEIe6nyh1v-fNFzQOWcw
2018-09-02,委外又到尴尬时,中国经济网,目前，银行理财成本和债券资产收益之间的利差太薄，代销的成本也很高， ... 的时候，才需要委外，利用管理人良好的投资能力来获得预期的收益。,/url?q=http://finance.ce.cn/bank12/scroll/201809/02/t20180902_30184212.shtml&sa=U&ved=0ahUKEwiA-Z67x5zdAhXGa7wKHbsnBAM4ChCpAggbKAAwAQ&usg=AOvVaw0Tpwc-CNAdSRKMcmIIlXSQ
2018-09-02,委外又到尴尬时,中国经济网,目前，银行理财成本和债券资产收益之间的利差太薄，代销的成本也很高， ... 的时候，才需要委外，利用管理人良好的投资能力来获得预期的收益。,/url?q=http://finance.ce.cn/bank12/scroll/201809/02/t20180902_30184212.shtml&sa=U&ved=0ahUKEwiA0-q2x5zdAhXSZt4KHR_1DZ0QqQIIQSgAMAs&usg=AOvVaw1eqA94ianhan0BAVUtHTWK
2018-09-02,探索城投公司债转股新模式,金融界,全国城投发行人平均净资产收益率最高的是上海，也才5.4%。 .... 可以预期，此次市场化债转股的政策红利将对地方国有企业的投融资产生巨大影响， ...,/url?q=http://bond.jrj.com.cn/2018/09/02143825036118.shtml&sa=U&ved=0ahUKEwiA0-q2x5zdAhXSZt4KHR_1DZ0QqQIIMigAMAg&usg=AOvVaw0oPkyIlxISpfxHND34uC6N
2018-09-02,地方债密集发行：9月或达万亿债牛短期受阻,东方财富网,然而近两周，情况发生变化，中长端债券收益率从8月初的低位小幅 ... 政府发债冲击流动性，食品价格上涨抬升短期通胀预期等因素，短期债牛受阻。,"/url?q=http://bond.eastmoney.com/news/1325,20180902938446544.html&sa=U&ved=0ahUKEwiA0-q2x5zdAhXSZt4KHR_1DZ0QqQIIMCgAMAc&usg=AOvVaw0bRJ2DBGHmyZorVW4BUziq"
2018-09-02,海通姜超：汇率贬值可控债牛行情未完,新浪网,在近期影响市场预期的一个重要因素是汇率贬值，由于6月份以后 .... AAA级企业债收益率平均下行1BP、AA级企业债收益率平均下行1BP，城投债 ...,/url?q=http://finance.sina.com.cn/stock/stockzmt/2018-09-02/doc-ihinpmnr8846845.shtml&sa=U&ved=0ahUKEwiA0-q2x5zdAhXSZt4KHR_1DZ0QqQIILSgAMAY&usg=AOvVaw26feLZfbUurWNVAG-Dtb6c
2018-09-02,这个南亚最强市场，或许正面临做空良机……,新浪网,Kulhalli认为，之前印度债券收益率持续走高是因为市场的供给不平衡，现在印度央行 ... 并且不出意外的话，印度的核心通胀会低于印度央行的预期。,/url?q=http://finance.sina.com.cn/stock/usstock/c/2018-09-02/doc-ihiixyeu2366344.shtml&sa=U&ved=0ahUKEwiR-9S_x5zdAhWYdt4KHYawATc4FBCpAgggKAAwBA&usg=AOvVaw2tyrlVYR4RCdLc6A_oMILr
2018-09-02,十年国债ETF成交活跃,金融界,政策方面，已公布的数据低于市场预期，社融增速调口径后仍继续 ... 经济基本面疲弱下长端利率债仍有机会，待相关经济数据公布后，利率债收益率 ...,/url?q=http://bond.jrj.com.cn/2018/09/02143925036123.shtml&sa=U&ved=0ahUKEwiA0-q2x5zdAhXSZt4KHR_1DZ0QqQIIFCgAMAA&usg=AOvVaw39mNpfLPDVY5LQK8iL2G3s
